{
	"format_version": "1.9.0",
	"credit": "Made with Blockbench",
	"texture_size": [32, 32],
	"textures": {
		"0": "coolclock:item/clock_03",
		"particle": "coolclock:item/clock_00"
	},
	"elements": [
		{
			"from": [1, 0, 1],
			"to": [15, 2, 15],
			"rotation": {"angle": 0, "axis": "y", "origin": [8, 1, 8]},
			"faces": {
				"north": {"uv": [7, 0, 14, 1], "texture": "#0"},
				"east": {"uv": [7, 8, 14, 9], "texture": "#0"},
				"south": {"uv": [0, 0, 7, 1], "texture": "#0"},
				"west": {"uv": [0, 8, 7, 9], "texture": "#0"},
				"up": {"uv": [0, 1, 7, 8], "texture": "#0"},
				"down": {"uv": [7, 1, 14, 8], "texture": "#0"}
			}
		}
	],
	"display": {
		"fixed": {
			"rotation": [-90, 0, 0],
			"translation": [0, 0, -11.72],
			"scale": [1.72, 1.72, 1.72]
		}
	},
	"groups": [
		{
			"name": "clock",
			"origin": [8, 8, 8],
			"color": 0,
			"children": [0]
		}
	]
}