{
	"format_version": "1.21.6",
	"credit": "Made with Blockbench",
	"texture_size": [8, 8],
	"textures": {
		"0": "item/soul_torch_hand",
		"2": "item/soul_torch_gradient_flame",
		"4": "item/soul_torch_flame",
		"particle": "item/soul_torch_hand"
	},
	"elements": [
		{
			"from": [6.90756, 10.1454, 6.92227],
			"to": [9.09219, 10.1454, 9.10992],
			"rotation": {"angle": 0, "axis": "y", "origin": [6.90957, 10.1454, 6.97429]},
			"faces": {
				"north": {"uv": [0, 0, 4.2, 0], "texture": "#2"},
				"east": {"uv": [0, 0, 4.4375, 0], "texture": "#2"},
				"south": {"uv": [0, 0, 4.2, 0], "texture": "#2"},
				"west": {"uv": [0, 0, 4.4375, 0], "texture": "#2"},
				"up": {"uv": [5.4375, 0, 9.6375, 0.3125], "texture": "#2"},
				"down": {"uv": [0.0625, 0.01875, 4.375, 0.1], "texture": "#2"}
			}
		},
		{
			"from": [9.09377, 5.48812, 6.88071],
			"to": [9.09377, 10.16947, 9.11735],
			"rotation": {"angle": -1.25, "axis": "z", "origin": [7.94988, 10.58057, 7.99903]},
			"faces": {
				"north": {"uv": [0, 0, 0, 11], "texture": "#2"},
				"east": {"uv": [5, 0, 9.41875, 11], "texture": "#2"},
				"south": {"uv": [0, 0, 0, 11], "texture": "#2"},
				"west": {"uv": [0, 0, 4.41875, 11], "texture": "#2"},
				"up": {"uv": [4.3125, 0, 0, 0], "rotation": 90, "texture": "#2"},
				"down": {"uv": [4.3125, 0, 0, 0], "rotation": 270, "texture": "#2"}
			}
		},
		{
			"from": [6.88155, 4.87532, 6.99616],
			"to": [9.1182, 10.15667, 6.99616],
			"rotation": {"angle": -1.25, "axis": "x", "origin": [7.99994, 6.40225, 7.50772]},
			"faces": {
				"north": {"uv": [5, 0, 9.41875, 11], "texture": "#2"},
				"east": {"uv": [0, 0, 0, 11], "texture": "#2"},
				"south": {"uv": [0, 0, 4.41875, 11], "texture": "#2"},
				"west": {"uv": [0, 0, 0, 11], "texture": "#2"},
				"up": {"uv": [4.3125, 0, 0, 0], "texture": "#2"},
				"down": {"uv": [4.3125, 0, 0, 0], "texture": "#2"}
			}
		},
		{
			"from": [6.99727, 5.48821, 6.89809],
			"to": [6.99727, 10.16956, 9.13473],
			"rotation": {"angle": 1.25, "axis": "z", "origin": [8.09994, 6.40225, 7.95772]},
			"faces": {
				"north": {"uv": [0, 0, 0, 11], "texture": "#2"},
				"east": {"uv": [0, 0, 4.41875, 11], "texture": "#2"},
				"south": {"uv": [0, 0, 0, 11], "texture": "#2"},
				"west": {"uv": [5, 0, 9.41875, 11], "texture": "#2"},
				"up": {"uv": [4.3125, 0, 0, 0], "rotation": 270, "texture": "#2"},
				"down": {"uv": [4.3125, 0, 0, 0], "rotation": 90, "texture": "#2"}
			}
		},
		{
			"from": [6.88168, 5.48731, 9.01915],
			"to": [9.11832, 10.16866, 9.01915],
			"rotation": {"angle": 1.25, "axis": "x", "origin": [8.09994, 6.40225, 7.95772]},
			"faces": {
				"north": {"uv": [0, 0, 4.41875, 11], "texture": "#2"},
				"east": {"uv": [0, 0, 0, 11], "texture": "#2"},
				"south": {"uv": [5, 0, 9.41875, 11], "texture": "#2"},
				"west": {"uv": [0, 0, 0, 11], "texture": "#2"},
				"up": {"uv": [4.3125, 0, 0, 0], "rotation": 180, "texture": "#2"},
				"down": {"uv": [4.3125, 0, 0, 0], "rotation": 180, "texture": "#2"}
			}
		},
		{
			"name": "base",
			"from": [7, 0, 7],
			"to": [9, 10, 9],
			"light_emission": 13,
			"rotation": {"angle": 0, "axis": "y", "origin": [7, 0, 7]},
			"faces": {
				"north": {"uv": [5, 0, 7, 10], "texture": "#0"},
				"east": {"uv": [0, 0, 2, 10], "texture": "#0"},
				"south": {"uv": [5, 0, 7, 10], "texture": "#0"},
				"west": {"uv": [0, 0, 2, 10], "texture": "#0"},
				"up": {"uv": [4, 2, 2, 0], "rotation": 180, "texture": "#0"},
				"down": {"uv": [4, 2, 2, 4], "rotation": 180, "texture": "#0"}
			}
		},
		{
			"from": [9.9, 9.005, 5.445],
			"to": [9.9, 16.395, 10.605],
			"rotation": {"angle": 45, "axis": "y", "origin": [8, 9.775, 8]},
			"faces": {
				"north": {"uv": [0, 0, 0, 1.5], "texture": "#4"},
				"east": {"uv": [7.025, 0, 0, 10], "texture": "#4"},
				"south": {"uv": [0, 0, 0, 1.5], "texture": "#4"},
				"west": {"uv": [0, 0, 7.025, 10], "texture": "#4"},
				"up": {"uv": [0, 0, 0, 0], "texture": "#4"},
				"down": {"uv": [0, 0, 0, 0], "texture": "#4"}
			}
		}
	],
	"display": {
		"thirdperson_righthand": {
			"translation": [-0.25, 3, 1.25],
			"scale": [0.8, 0.8, 0.8]
		},
		"thirdperson_lefthand": {
			"translation": [-0.25, 3, 1.25],
			"scale": [0.8, 0.8, 0.8]
		},
		"firstperson_righthand": {
			"rotation": [-1.1, 0.52, -0.29],
			"translation": [-1, 5.25, 3],
			"scale": [0.56, 0.56, 0.56]
		},
		"firstperson_lefthand": {
			"rotation": [-1.1, 0.52, -0.29],
			"translation": [-1, 5.25, 3],
			"scale": [0.56, 0.56, 0.56]
		}
	}
}