{
	"format_version": "1.21.6",
	"credit": "Made with Blockbench",
	"texture_size": [8, 8],
	"textures": {
		"1": "item/torch_hand",
		"2": "item/torch_gradient_flame",
		"3": "item/torch_flame",
		"particle": "item/torch_gradient_flame"
	},
	"elements": [
		{
			"from": [7, 0, 7],
			"to": [9, 10, 9],
			"shade": false,
			"light_emission": 13,
			"faces": {
				"north": {"uv": [4, 0, 6, 10], "texture": "#1"},
				"east": {"uv": [0, 0, 2, 10], "texture": "#1"},
				"south": {"uv": [4, 0, 6, 10], "texture": "#1"},
				"west": {"uv": [0, 0, 2, 10], "texture": "#1"},
				"up": {"uv": [4, 2, 2, 0], "texture": "#1"},
				"down": {"uv": [4, 2, 2, 4], "texture": "#1", "cullface": "down"}
			}
		},
		{
			"from": [5.445, 8.905, 6.1],
			"to": [10.605, 16.295, 6.1],
			"rotation": {"angle": 45, "axis": "y", "origin": [8, 9.675, 8]},
			"faces": {
				"north": {"uv": [7.05, 0, 0, 10], "texture": "#3"},
				"east": {"uv": [0, 0, 0, 3], "texture": "#3"},
				"south": {"uv": [0, 0, 7.05, 10], "texture": "#3"},
				"west": {"uv": [0, 0, 0, 3], "texture": "#3"},
				"up": {"uv": [0, 0, 0, 0], "rotation": 270, "texture": "#3"},
				"down": {"uv": [0, 0, 0, 0], "rotation": 90, "texture": "#3"}
			}
		},
		{
			"from": [6.90756, 10.1454, 6.92227],
			"to": [9.09219, 10.1454, 9.10992],
			"rotation": {"angle": 0, "axis": "y", "origin": [6.90957, 10.1454, 6.97429]},
			"faces": {
				"north": {"uv": [0, 0, 4.2, 0], "texture": "#2"},
				"east": {"uv": [0, 0, 4.4375, 0], "texture": "#2"},
				"south": {"uv": [0, 0, 4.2, 0], "texture": "#2"},
				"west": {"uv": [0, 0, 4.4375, 0], "texture": "#2"},
				"up": {"uv": [5.4375, 0, 9.6375, 0.3125], "texture": "#2"},
				"down": {"uv": [0.0625, 0.01875, 4.375, 0.1], "texture": "#2"}
			}
		},
		{
			"from": [9.09377, 5.48812, 6.88071],
			"to": [9.09377, 10.16947, 9.11735],
			"rotation": {"angle": -1.25, "axis": "z", "origin": [7.94988, 10.58057, 7.99903]},
			"faces": {
				"north": {"uv": [0, 0, 0, 11], "texture": "#2"},
				"east": {"uv": [5, 0, 9.41875, 11], "texture": "#2"},
				"south": {"uv": [0, 0, 0, 11], "texture": "#2"},
				"west": {"uv": [0, 0, 4.41875, 11], "texture": "#2"},
				"up": {"uv": [4.3125, 0, 0, 0], "rotation": 90, "texture": "#2"},
				"down": {"uv": [4.3125, 0, 0, 0], "rotation": 270, "texture": "#2"}
			}
		},
		{
			"from": [6.88155, 4.87532, 6.99616],
			"to": [9.1182, 10.15667, 6.99616],
			"rotation": {"angle": -1.25, "axis": "x", "origin": [7.99994, 6.40225, 7.50772]},
			"faces": {
				"north": {"uv": [5, 0, 9.41875, 11], "texture": "#2"},
				"east": {"uv": [0, 0, 0, 11], "texture": "#2"},
				"south": {"uv": [0, 0, 4.41875, 11], "texture": "#2"},
				"west": {"uv": [0, 0, 0, 11], "texture": "#2"},
				"up": {"uv": [4.3125, 0, 0, 0], "texture": "#2"},
				"down": {"uv": [4.3125, 0, 0, 0], "texture": "#2"}
			}
		},
		{
			"from": [6.99727, 5.48821, 6.89809],
			"to": [6.99727, 10.16956, 9.13473],
			"rotation": {"angle": 1.25, "axis": "z", "origin": [8.09994, 6.40225, 7.95772]},
			"faces": {
				"north": {"uv": [0, 0, 0, 11], "texture": "#2"},
				"east": {"uv": [0, 0, 4.41875, 11], "texture": "#2"},
				"south": {"uv": [0, 0, 0, 11], "texture": "#2"},
				"west": {"uv": [5, 0, 9.41875, 11], "texture": "#2"},
				"up": {"uv": [4.3125, 0, 0, 0], "rotation": 270, "texture": "#2"},
				"down": {"uv": [4.3125, 0, 0, 0], "rotation": 90, "texture": "#2"}
			}
		},
		{
			"from": [6.88168, 5.48731, 9.01915],
			"to": [9.11832, 10.16866, 9.01915],
			"rotation": {"angle": 1.25, "axis": "x", "origin": [8.09994, 6.40225, 7.95772]},
			"faces": {
				"north": {"uv": [0, 0, 4.41875, 11], "texture": "#2"},
				"east": {"uv": [0, 0, 0, 11], "texture": "#2"},
				"south": {"uv": [5, 0, 9.41875, 11], "texture": "#2"},
				"west": {"uv": [0, 0, 0, 11], "texture": "#2"},
				"up": {"uv": [4.3125, 0, 0, 0], "rotation": 180, "texture": "#2"},
				"down": {"uv": [4.3125, 0, 0, 0], "rotation": 180, "texture": "#2"}
			}
		}
	],
	"display": {
		"thirdperson_righthand": {
			"translation": [-0.25, 3, 1.25],
			"scale": [0.8, 0.8, 0.8]
		},
		"thirdperson_lefthand": {
			"translation": [-0.25, 3, 1.25],
			"scale": [0.8, 0.8, 0.8]
		},
		"firstperson_righthand": {
			"rotation": [-1.1, 0.52, -0.29],
			"translation": [-1, 5.25, 3],
			"scale": [0.56, 0.56, 0.56]
		},
		"firstperson_lefthand": {
			"rotation": [-1.1, 0.52, -0.29],
			"translation": [-1, 5.25, 3],
			"scale": [0.56, 0.56, 0.56]
		}
	}
}