{
	"format_version": "1.21.6",
	"credit": "Made with Blockbench",
	"texture_size": [32, 32],
	"textures": {
		"0": "item/copper/spear",
		"1": "item/outline/dropped_spear_outline",
		"particle": "item/copper/spear"
	},
	"elements": [
		{
			"name": "copper_spear_0_outline",
			"from": [25.2, 25, 8.7],
			"to": [21.8, 21.6, 7.3],
			"rotation": {"angle": 0, "axis": "y", "origin": [4, 4, 7.5]},
			"faces": {
				"north": {"uv": [2, 3, 3.5, 4.5], "texture": "#1"},
				"east": {"uv": [4.5, 4.5, 5, 6], "texture": "#1"},
				"south": {"uv": [3.5, 3, 5, 4.5], "texture": "#1"},
				"west": {"uv": [5, 3, 5.5, 4.5], "texture": "#1"},
				"up": {"uv": [6.5, 5, 5, 4.5], "texture": "#1"},
				"down": {"uv": [6.5, 5, 5, 5.5], "texture": "#1"}
			}
		},
		{
			"name": "copper_spear_1_outline",
			"from": [22.2, 24, 8.7],
			"to": [19.8, 15.6, 7.3],
			"rotation": {"angle": 0, "axis": "y", "origin": [4, 4, 7.5]},
			"faces": {
				"north": {"uv": [0, 0, 1, 4], "texture": "#1"},
				"east": {"uv": [0, 4, 0.5, 8], "texture": "#1"},
				"south": {"uv": [1, 0, 2, 4], "texture": "#1"},
				"west": {"uv": [0.5, 4, 1, 8], "texture": "#1"},
				"up": {"uv": [6, 7.5, 5, 7], "texture": "#1"},
				"down": {"uv": [10.625, 8, 9.5, 8.5], "texture": "#1"}
			}
		},
		{
			"name": "copper_spear_2_outline",
			"from": [20.2, 23, 8.7],
			"to": [17.8, 16.6, 7.3],
			"rotation": {"angle": 0, "axis": "y", "origin": [4, 4, 7.5]},
			"faces": {
				"north": {"uv": [2, 0, 3, 3], "texture": "#1"},
				"east": {"uv": [4, 0, 4.5, 3], "texture": "#1"},
				"south": {"uv": [3, 0, 4, 3], "texture": "#1"},
				"west": {"uv": [1, 4, 1.5, 7], "texture": "#1"},
				"up": {"uv": [11.625, 4, 10.375, 3.5], "texture": "#1"},
				"down": {"uv": [9.625, 9.5, 8.5, 10], "texture": "#1"}
			}
		},
		{
			"name": "copper_spear_3_outline",
			"from": [18.2, 22, 8.7],
			"to": [15.8, 19.6, 7.3],
			"rotation": {"angle": 0, "axis": "y", "origin": [4, 4, 7.5]},
			"faces": {
				"north": {"uv": [4.5, 0, 5.5, 1], "texture": "#1"},
				"east": {"uv": [6, 7, 6.5, 8], "texture": "#1"},
				"south": {"uv": [4.5, 1, 5.5, 2], "texture": "#1"},
				"west": {"uv": [7.5, 0, 8, 1], "texture": "#1"},
				"up": {"uv": [8.5, 1.5, 7.5, 1], "texture": "#1"},
				"down": {"uv": [8.625, 1.5, 7.5, 2], "texture": "#1"}
			}
		},
		{
			"name": "copper_spear_4_outline",
			"from": [24.2, 22, 8.7],
			"to": [21.8, 19.6, 7.3],
			"rotation": {"angle": 0, "axis": "y", "origin": [4, 4, 7.5]},
			"faces": {
				"north": {"uv": [1.5, 4.5, 2.5, 5.5], "texture": "#1"},
				"east": {"uv": [7.5, 2, 8, 3], "texture": "#1"},
				"south": {"uv": [4.5, 2, 5.5, 3], "texture": "#1"},
				"west": {"uv": [10, 5.5, 10.5, 6.625], "texture": "#1"},
				"up": {"uv": [8.5, 4.5, 7.5, 4], "texture": "#1"},
				"down": {"uv": [5.5, 7.5, 4.5, 8], "texture": "#1"}
			}
		},
		{
			"name": "copper_spear_5_outline",
			"from": [18.2, 20, 8.7],
			"to": [16.8, 15.6, 7.3],
			"rotation": {"angle": 0, "axis": "y", "origin": [4, 4, 7.5]},
			"faces": {
				"north": {"uv": [2.5, 4.5, 3, 6.5], "texture": "#1"},
				"east": {"uv": [4, 10.5, 4.5, 16], "texture": "#1"},
				"south": {"uv": [3.5, 4.5, 4, 6.5], "texture": "#1"},
				"west": {"uv": [4, 4.5, 4.5, 6.5], "texture": "#1"},
				"up": {"uv": [1, 11.5, 0.375, 11], "texture": "#1"},
				"down": {"uv": [8, 5.5, 7.5, 6], "texture": "#1"}
			}
		},
		{
			"name": "copper_spear_6_outline",
			"from": [23.2, 20, 8.7],
			"to": [21.8, 17.6, 7.3],
			"rotation": {"angle": 0, "axis": "y", "origin": [4, 4, 7.5]},
			"faces": {
				"north": {"uv": [7.5, 4.5, 8, 5.5], "texture": "#1"},
				"east": {"uv": [5.5, 7.5, 6, 8.5], "texture": "#1"},
				"south": {"uv": [6.5, 7.5, 7, 8.5], "texture": "#1"},
				"west": {"uv": [7, 11, 7.5, 12.125], "texture": "#1"},
				"up": {"uv": [9, 2.5, 8.375, 2], "texture": "#1"},
				"down": {"uv": [3, 8, 2.5, 8.5], "texture": "#1"}
			}
		},
		{
			"name": "copper_spear_12_outline",
			"from": [12.2, 13, 8.7],
			"to": [10.8, 9.6, 7.3],
			"rotation": {"angle": 0, "axis": "y", "origin": [4, 4, 7.5]},
			"faces": {
				"north": {"uv": [6.5, 6, 7, 7.5], "texture": "#1"},
				"east": {"uv": [7, 0, 7.5, 1.5], "texture": "#1"},
				"south": {"uv": [1, 7, 1.5, 8.5], "texture": "#1"},
				"west": {"uv": [1.5, 7, 2, 8.5], "texture": "#1"},
				"up": {"uv": [9, 6, 8.375, 5.5], "texture": "#1"},
				"down": {"uv": [6.625, 8.5, 6, 9], "texture": "#1"}
			}
		},
		{
			"name": "copper_spear_12_outline",
			"from": [13.2, 14, 8.7],
			"to": [11.8, 10.6, 7.3],
			"rotation": {"angle": 0, "axis": "y", "origin": [5, 5, 7.5]},
			"faces": {
				"north": {"uv": [6.5, 6, 7, 7.5], "texture": "#1"},
				"east": {"uv": [7, 0, 7.5, 1.5], "texture": "#1"},
				"south": {"uv": [1, 7, 1.5, 8.5], "texture": "#1"},
				"west": {"uv": [1.5, 7, 2, 8.5], "texture": "#1"},
				"up": {"uv": [9, 6, 8.375, 5.5], "texture": "#1"},
				"down": {"uv": [6.625, 8.5, 6, 9], "texture": "#1"}
			}
		},
		{
			"name": "copper_spear_12_outline",
			"from": [14.2, 15, 8.7],
			"to": [12.8, 11.6, 7.3],
			"rotation": {"angle": 0, "axis": "y", "origin": [6, 6, 7.5]},
			"faces": {
				"north": {"uv": [6.5, 6, 7, 7.5], "texture": "#1"},
				"east": {"uv": [7, 0, 7.5, 1.5], "texture": "#1"},
				"south": {"uv": [1, 7, 1.5, 8.5], "texture": "#1"},
				"west": {"uv": [1.5, 7, 2, 8.5], "texture": "#1"},
				"up": {"uv": [9, 6, 8.375, 5.5], "texture": "#1"},
				"down": {"uv": [6.625, 8.5, 6, 9], "texture": "#1"}
			}
		},
		{
			"name": "copper_spear_12_outline",
			"from": [15.2, 16, 8.7],
			"to": [13.8, 12.6, 7.3],
			"rotation": {"angle": 0, "axis": "y", "origin": [7, 7, 7.5]},
			"faces": {
				"north": {"uv": [6.5, 6, 7, 7.5], "texture": "#1"},
				"east": {"uv": [7, 0, 7.5, 1.5], "texture": "#1"},
				"south": {"uv": [1, 7, 1.5, 8.5], "texture": "#1"},
				"west": {"uv": [1.5, 7, 2, 8.5], "texture": "#1"},
				"up": {"uv": [9, 6, 8.375, 5.5], "texture": "#1"},
				"down": {"uv": [6.625, 8.5, 6, 9], "texture": "#1"}
			}
		},
		{
			"name": "copper_spear_12_outline",
			"from": [16.2, 17, 8.7],
			"to": [14.8, 13.6, 7.3],
			"rotation": {"angle": 0, "axis": "y", "origin": [8, 8, 7.5]},
			"faces": {
				"north": {"uv": [6.5, 6, 7, 7.5], "texture": "#1"},
				"east": {"uv": [7, 0, 7.5, 1.5], "texture": "#1"},
				"south": {"uv": [1, 7, 1.5, 8.5], "texture": "#1"},
				"west": {"uv": [1.5, 7, 2, 8.5], "texture": "#1"},
				"up": {"uv": [9, 6, 8.375, 5.5], "texture": "#1"},
				"down": {"uv": [6.625, 8.5, 6, 9], "texture": "#1"}
			}
		},
		{
			"name": "copper_spear_12_outline",
			"from": [17.2, 18, 8.7],
			"to": [15.8, 14.6, 7.3],
			"rotation": {"angle": 0, "axis": "y", "origin": [9, 9, 7.5]},
			"faces": {
				"north": {"uv": [6.5, 6, 7, 7.5], "texture": "#1"},
				"east": {"uv": [7, 0, 7.5, 1.5], "texture": "#1"},
				"south": {"uv": [1, 7, 1.5, 8.5], "texture": "#1"},
				"west": {"uv": [1.5, 7, 2, 8.5], "texture": "#1"},
				"up": {"uv": [9, 6, 8.375, 5.5], "texture": "#1"},
				"down": {"uv": [6.625, 8.5, 6, 9], "texture": "#1"}
			}
		},
		{
			"name": "copper_spear_12_outline",
			"from": [7.2, 8, 8.7],
			"to": [5.8, 4.6, 7.3],
			"rotation": {"angle": 0, "axis": "y", "origin": [5, 5, 7.5]},
			"faces": {
				"north": {"uv": [6.5, 6, 7, 7.5], "texture": "#1"},
				"east": {"uv": [7, 0, 7.5, 1.5], "texture": "#1"},
				"south": {"uv": [1, 7, 1.5, 8.5], "texture": "#1"},
				"west": {"uv": [1.5, 7, 2, 8.5], "texture": "#1"},
				"up": {"uv": [9, 6, 8.375, 5.5], "texture": "#1"},
				"down": {"uv": [6.625, 8.5, 6, 9], "texture": "#1"}
			}
		},
		{
			"name": "copper_spear_12_outline",
			"from": [6.2, 7, 8.7],
			"to": [4.8, 3.6, 7.3],
			"rotation": {"angle": 0, "axis": "y", "origin": [4, 4, 7.5]},
			"faces": {
				"north": {"uv": [6.5, 6, 7, 7.5], "texture": "#1"},
				"east": {"uv": [7, 0, 7.5, 1.5], "texture": "#1"},
				"south": {"uv": [1, 7, 1.5, 8.5], "texture": "#1"},
				"west": {"uv": [1.5, 7, 2, 8.5], "texture": "#1"},
				"up": {"uv": [9, 6, 8.375, 5.5], "texture": "#1"},
				"down": {"uv": [6.625, 8.5, 6, 9], "texture": "#1"}
			}
		},
		{
			"name": "copper_spear_12_outline",
			"from": [8.2, 9, 8.7],
			"to": [6.8, 5.6, 7.3],
			"rotation": {"angle": 0, "axis": "y", "origin": [6, 6, 7.5]},
			"faces": {
				"north": {"uv": [6.5, 6, 7, 7.5], "texture": "#1"},
				"east": {"uv": [7, 0, 7.5, 1.5], "texture": "#1"},
				"south": {"uv": [1, 7, 1.5, 8.5], "texture": "#1"},
				"west": {"uv": [1.5, 7, 2, 8.5], "texture": "#1"},
				"up": {"uv": [9, 6, 8.375, 5.5], "texture": "#1"},
				"down": {"uv": [6.625, 8.5, 6, 9], "texture": "#1"}
			}
		},
		{
			"name": "copper_spear_12_outline",
			"from": [9.2, 10, 8.7],
			"to": [7.8, 6.6, 7.3],
			"rotation": {"angle": 0, "axis": "y", "origin": [7, 7, 7.5]},
			"faces": {
				"north": {"uv": [6.5, 6, 7, 7.5], "texture": "#1"},
				"east": {"uv": [7, 0, 7.5, 1.5], "texture": "#1"},
				"south": {"uv": [1, 7, 1.5, 8.5], "texture": "#1"},
				"west": {"uv": [1.5, 7, 2, 8.5], "texture": "#1"},
				"up": {"uv": [9, 6, 8.375, 5.5], "texture": "#1"},
				"down": {"uv": [6.625, 8.5, 6, 9], "texture": "#1"}
			}
		},
		{
			"name": "copper_spear_12_outline",
			"from": [10.2, 11, 8.7],
			"to": [8.8, 7.6, 7.3],
			"rotation": {"angle": 0, "axis": "y", "origin": [8, 8, 7.5]},
			"faces": {
				"north": {"uv": [6.5, 6, 7, 7.5], "texture": "#1"},
				"east": {"uv": [7, 0, 7.5, 1.5], "texture": "#1"},
				"south": {"uv": [1, 7, 1.5, 8.5], "texture": "#1"},
				"west": {"uv": [1.5, 7, 2, 8.5], "texture": "#1"},
				"up": {"uv": [9, 6, 8.375, 5.5], "texture": "#1"},
				"down": {"uv": [6.625, 8.5, 6, 9], "texture": "#1"}
			}
		},
		{
			"name": "copper_spear_12_outline",
			"from": [11.2, 12, 8.7],
			"to": [9.8, 8.6, 7.3],
			"rotation": {"angle": 0, "axis": "y", "origin": [9, 9, 7.5]},
			"faces": {
				"north": {"uv": [6.5, 6, 7, 7.5], "texture": "#1"},
				"east": {"uv": [7, 0, 7.5, 1.5], "texture": "#1"},
				"south": {"uv": [1, 7, 1.5, 8.5], "texture": "#1"},
				"west": {"uv": [1.5, 7, 2, 8.5], "texture": "#1"},
				"up": {"uv": [9, 6, 8.375, 5.5], "texture": "#1"},
				"down": {"uv": [6.625, 8.5, 6, 9], "texture": "#1"}
			}
		},
		{
			"name": "copper_spear_12_outline",
			"from": [1.2, 2, 8.7],
			"to": [-0.2, -1.4, 7.3],
			"rotation": {"angle": 0, "axis": "y", "origin": [5, 5, 7.5]},
			"faces": {
				"north": {"uv": [6.5, 6, 7, 7.5], "texture": "#1"},
				"east": {"uv": [7, 0, 7.5, 1.5], "texture": "#1"},
				"south": {"uv": [1, 7, 1.5, 8.5], "texture": "#1"},
				"west": {"uv": [1.5, 7, 2, 8.5], "texture": "#1"},
				"up": {"uv": [9, 6, 8.375, 5.5], "texture": "#1"},
				"down": {"uv": [6.625, 8.5, 6, 9], "texture": "#1"}
			}
		},
		{
			"name": "copper_spear_12_outline",
			"from": [0.2, 1, 8.7],
			"to": [-1.2, -2.4, 7.3],
			"rotation": {"angle": 0, "axis": "y", "origin": [4, 4, 7.5]},
			"faces": {
				"north": {"uv": [6.5, 6, 7, 7.5], "texture": "#1"},
				"east": {"uv": [7, 0, 7.5, 1.5], "texture": "#1"},
				"south": {"uv": [1, 7, 1.5, 8.5], "texture": "#1"},
				"west": {"uv": [1.5, 7, 2, 8.5], "texture": "#1"},
				"up": {"uv": [9, 6, 8.375, 5.5], "texture": "#1"},
				"down": {"uv": [6.625, 8.5, 6, 9], "texture": "#1"}
			}
		},
		{
			"name": "copper_spear_12_outline",
			"from": [-0.8, 0, 8.7],
			"to": [-2.2, -3.4, 7.3],
			"rotation": {"angle": 0, "axis": "y", "origin": [4, 4, 7.5]},
			"faces": {
				"north": {"uv": [6.5, 6, 7, 7.5], "texture": "#1"},
				"east": {"uv": [7, 0, 7.5, 1.5], "texture": "#1"},
				"south": {"uv": [1, 7, 1.5, 8.5], "texture": "#1"},
				"west": {"uv": [1.5, 7, 2, 8.5], "texture": "#1"},
				"up": {"uv": [9, 6, 8.375, 5.5], "texture": "#1"},
				"down": {"uv": [6.625, 8.5, 6, 9], "texture": "#1"}
			}
		},
		{
			"name": "copper_spear_12_outline",
			"from": [-1.8, -1, 8.7],
			"to": [-3.2, -4.4, 7.3],
			"rotation": {"angle": 0, "axis": "y", "origin": [3, 3, 7.5]},
			"faces": {
				"north": {"uv": [6.5, 6, 7, 7.5], "texture": "#1"},
				"east": {"uv": [7, 0, 7.5, 1.5], "texture": "#1"},
				"south": {"uv": [1, 7, 1.5, 8.5], "texture": "#1"},
				"west": {"uv": [1.5, 7, 2, 8.5], "texture": "#1"},
				"up": {"uv": [9, 6, 8.375, 5.5], "texture": "#1"},
				"down": {"uv": [6.625, 8.5, 6, 9], "texture": "#1"}
			}
		},
		{
			"name": "copper_spear_12_outline",
			"from": [-2.8, -2, 8.7],
			"to": [-4.2, -5.4, 7.3],
			"rotation": {"angle": 0, "axis": "y", "origin": [2, 2, 7.5]},
			"faces": {
				"north": {"uv": [6.5, 6, 7, 7.5], "texture": "#1"},
				"east": {"uv": [7, 0, 7.5, 1.5], "texture": "#1"},
				"south": {"uv": [1, 7, 1.5, 8.5], "texture": "#1"},
				"west": {"uv": [1.5, 7, 2, 8.5], "texture": "#1"},
				"up": {"uv": [9, 6, 8.375, 5.5], "texture": "#1"},
				"down": {"uv": [6.625, 8.5, 6, 9], "texture": "#1"}
			}
		},
		{
			"name": "copper_spear_12_outline",
			"from": [-3.8, -3, 8.7],
			"to": [-5.2, -6.4, 7.3],
			"rotation": {"angle": 0, "axis": "y", "origin": [1, 1, 7.5]},
			"faces": {
				"north": {"uv": [6.5, 6, 7, 7.5], "texture": "#1"},
				"east": {"uv": [7, 0, 7.5, 1.5], "texture": "#1"},
				"south": {"uv": [1, 7, 1.5, 8.5], "texture": "#1"},
				"west": {"uv": [1.5, 7, 2, 8.5], "texture": "#1"},
				"up": {"uv": [9, 6, 8.375, 5.5], "texture": "#1"},
				"down": {"uv": [6.625, 8.5, 6, 9], "texture": "#1"}
			}
		},
		{
			"name": "copper_spear_12_outline",
			"from": [2.2, 3, 8.7],
			"to": [0.8, -0.4, 7.3],
			"rotation": {"angle": 0, "axis": "y", "origin": [6, 6, 7.5]},
			"faces": {
				"north": {"uv": [6.5, 6, 7, 7.5], "texture": "#1"},
				"east": {"uv": [7, 0, 7.5, 1.5], "texture": "#1"},
				"south": {"uv": [1, 7, 1.5, 8.5], "texture": "#1"},
				"west": {"uv": [1.5, 7, 2, 8.5], "texture": "#1"},
				"up": {"uv": [9, 6, 8.375, 5.5], "texture": "#1"},
				"down": {"uv": [6.625, 8.5, 6, 9], "texture": "#1"}
			}
		},
		{
			"name": "copper_spear_12_outline",
			"from": [3.2, 4, 8.7],
			"to": [1.8, 0.6, 7.3],
			"rotation": {"angle": 0, "axis": "y", "origin": [7, 7, 7.5]},
			"faces": {
				"north": {"uv": [6.5, 6, 7, 7.5], "texture": "#1"},
				"east": {"uv": [7, 0, 7.5, 1.5], "texture": "#1"},
				"south": {"uv": [1, 7, 1.5, 8.5], "texture": "#1"},
				"west": {"uv": [1.5, 7, 2, 8.5], "texture": "#1"},
				"up": {"uv": [9, 6, 8.375, 5.5], "texture": "#1"},
				"down": {"uv": [6.625, 8.5, 6, 9], "texture": "#1"}
			}
		},
		{
			"name": "copper_spear_12_outline",
			"from": [4.2, 5, 8.7],
			"to": [2.8, 1.6, 7.3],
			"rotation": {"angle": 0, "axis": "y", "origin": [8, 8, 7.5]},
			"faces": {
				"north": {"uv": [6.5, 6, 7, 7.5], "texture": "#1"},
				"east": {"uv": [7, 0, 7.5, 1.5], "texture": "#1"},
				"south": {"uv": [1, 7, 1.5, 8.5], "texture": "#1"},
				"west": {"uv": [1.5, 7, 2, 8.5], "texture": "#1"},
				"up": {"uv": [9, 6, 8.375, 5.5], "texture": "#1"},
				"down": {"uv": [6.625, 8.5, 6, 9], "texture": "#1"}
			}
		},
		{
			"name": "copper_spear_12_outline",
			"from": [5.2, 6, 8.7],
			"to": [3.8, 2.6, 7.3],
			"rotation": {"angle": 0, "axis": "y", "origin": [9, 9, 7.5]},
			"faces": {
				"north": {"uv": [6.5, 6, 7, 7.5], "texture": "#1"},
				"east": {"uv": [7, 0, 7.5, 1.5], "texture": "#1"},
				"south": {"uv": [1, 7, 1.5, 8.5], "texture": "#1"},
				"west": {"uv": [1.5, 7, 2, 8.5], "texture": "#1"},
				"up": {"uv": [9, 6, 8.375, 5.5], "texture": "#1"},
				"down": {"uv": [6.625, 8.5, 6, 9], "texture": "#1"}
			}
		},
		{
			"name": "copper_spear_13_outline",
			"from": [-4.8, -4, 8.7],
			"to": [-6.2, -7.4, 7.3],
			"rotation": {"angle": 0, "axis": "y", "origin": [1, 1, 7.5]},
			"faces": {
				"north": {"uv": [7, 1.5, 7.5, 3], "texture": "#1"},
				"east": {"uv": [2, 7, 2.5, 8.5], "texture": "#1"},
				"south": {"uv": [7, 3, 7.5, 4.5], "texture": "#1"},
				"west": {"uv": [7, 4.5, 7.5, 6], "texture": "#1"},
				"up": {"uv": [8.5, 6.5, 8, 6], "texture": "#1"},
				"down": {"uv": [8.625, 6.5, 8, 7], "texture": "#1"}
			}
		},
		{
			"name": "copper_spear_14_outline",
			"from": [-5.8, -5, 8.7],
			"to": [-7.2, -7.4, 7.3],
			"rotation": {"angle": 0, "axis": "y", "origin": [1, 1, 7.5]},
			"faces": {
				"north": {"uv": [7.5, 7.5, 8, 8.5], "texture": "#1"},
				"east": {"uv": [0, 8, 0.5, 9], "texture": "#1"},
				"south": {"uv": [8, 0, 8.5, 1], "texture": "#1"},
				"west": {"uv": [0.5, 8, 1, 9], "texture": "#1"},
				"up": {"uv": [8.5, 7.5, 8, 7], "texture": "#1"},
				"down": {"uv": [8.625, 7.5, 8, 8], "texture": "#1"}
			}
		},
		{
			"name": "copper_spear_in_hand_0",
			"from": [22, 21.8, 7.5],
			"to": [25, 24.8, 8.5],
			"rotation": {"angle": 0, "axis": "y", "origin": [-6, -6.2, 7.5]},
			"faces": {
				"north": {"uv": [16, 0, 14.5, 1.5], "texture": "#0"},
				"east": {"uv": [15.5, 0, 16, 1.5], "texture": "#0"},
				"south": {"uv": [14.5, 0, 16, 1.5], "texture": "#0"},
				"west": {"uv": [14.5, 0, 15, 1.5], "texture": "#0"},
				"up": {"uv": [14.5, 0, 16, 0.5], "texture": "#0"},
				"down": {"uv": [14.5, 1, 16, 1.5], "texture": "#0"}
			}
		},
		{
			"name": "copper_spear_in_hand_1",
			"from": [20, 15.8, 7.5],
			"to": [22, 23.8, 8.5],
			"rotation": {"angle": 0, "axis": "y", "origin": [-6, -6.2, 7.5]},
			"faces": {
				"north": {"uv": [14.5, 0.5, 13.5, 4.5], "texture": "#0"},
				"east": {"uv": [14, 0.5, 14.5, 4.5], "texture": "#0"},
				"south": {"uv": [13.5, 0.5, 14.5, 4.5], "texture": "#0"},
				"west": {"uv": [13.5, 0.5, 14, 4.5], "texture": "#0"},
				"up": {"uv": [13.5, 0.5, 14.5, 1], "texture": "#0"},
				"down": {"uv": [13.5, 4, 14.5, 4.5], "texture": "#0"}
			}
		},
		{
			"name": "copper_spear_in_hand_2",
			"from": [18, 16.8, 7.5],
			"to": [20, 22.8, 8.5],
			"rotation": {"angle": 0, "axis": "y", "origin": [-6, -6.2, 7.5]},
			"faces": {
				"north": {"uv": [13.5, 1, 12.5, 4], "texture": "#0"},
				"east": {"uv": [13, 1, 13.5, 4], "texture": "#0"},
				"south": {"uv": [12.5, 1, 13.5, 4], "texture": "#0"},
				"west": {"uv": [12.5, 1, 13, 4], "texture": "#0"},
				"up": {"uv": [12.5, 1, 13.5, 1.5], "texture": "#0"},
				"down": {"uv": [12.5, 3.5, 13.5, 4], "texture": "#0"}
			}
		},
		{
			"name": "copper_spear_in_hand_3",
			"from": [16, 19.8, 7.5],
			"to": [18, 21.8, 8.5],
			"rotation": {"angle": 0, "axis": "y", "origin": [-6, -6.2, 7.5]},
			"faces": {
				"north": {"uv": [12.5, 1.5, 11.5, 2.5], "texture": "#0"},
				"east": {"uv": [12, 1.5, 12.5, 2.5], "texture": "#0"},
				"south": {"uv": [11.5, 1.5, 12.5, 2.5], "texture": "#0"},
				"west": {"uv": [11.5, 1.5, 12, 2.5], "texture": "#0"},
				"up": {"uv": [11.5, 1.5, 12.5, 2], "texture": "#0"},
				"down": {"uv": [11.5, 2, 12.5, 2.5], "texture": "#0"}
			}
		},
		{
			"name": "copper_spear_in_hand_4",
			"from": [22, 19.8, 7.5],
			"to": [24, 21.8, 8.5],
			"rotation": {"angle": 0, "axis": "y", "origin": [-6, -6.2, 7.5]},
			"faces": {
				"north": {"uv": [15.5, 1.5, 14.5, 2.5], "texture": "#0"},
				"east": {"uv": [15, 1.5, 15.5, 2.5], "texture": "#0"},
				"south": {"uv": [14.5, 1.5, 15.5, 2.5], "texture": "#0"},
				"west": {"uv": [14.5, 1.5, 15, 2.5], "texture": "#0"},
				"up": {"uv": [14.5, 1.5, 15.5, 2], "texture": "#0"},
				"down": {"uv": [14.5, 2, 15.5, 2.5], "texture": "#0"}
			}
		},
		{
			"name": "copper_spear_in_hand_5",
			"from": [17, 15.8, 7.5],
			"to": [18, 19.8, 8.5],
			"rotation": {"angle": 0, "axis": "y", "origin": [-6, -6.2, 7.5]},
			"faces": {
				"north": {"uv": [12.5, 2.5, 12, 4.5], "texture": "#0"},
				"east": {"uv": [12, 2.5, 12.5, 4.5], "texture": "#0"},
				"south": {"uv": [12, 2.5, 12.5, 4.5], "texture": "#0"},
				"west": {"uv": [12, 2.5, 12.5, 4.5], "texture": "#0"},
				"up": {"uv": [12, 2.5, 12.5, 3], "texture": "#0"},
				"down": {"uv": [12, 4, 12.5, 4.5], "texture": "#0"}
			}
		},
		{
			"name": "copper_spear_in_hand_6",
			"from": [22, 17.8, 7.5],
			"to": [23, 19.8, 8.5],
			"rotation": {"angle": 0, "axis": "y", "origin": [-6, -6.2, 7.5]},
			"faces": {
				"north": {"uv": [15, 2.5, 14.5, 3.5], "texture": "#0"},
				"east": {"uv": [14.5, 2.5, 15, 3.5], "texture": "#0"},
				"south": {"uv": [14.5, 2.5, 15, 3.5], "texture": "#0"},
				"west": {"uv": [14.5, 2.5, 15, 3.5], "texture": "#0"},
				"up": {"uv": [14.5, 2.5, 15, 3], "texture": "#0"},
				"down": {"uv": [14.5, 3, 15, 3.5], "texture": "#0"}
			}
		},
		{
			"name": "copper_spear_in_hand_7",
			"from": [16, 14.8, 7.5],
			"to": [17, 17.8, 8.5],
			"rotation": {"angle": 0, "axis": "y", "origin": [-6, -6.2, 7.5]},
			"faces": {
				"north": {"uv": [12, 3.5, 11.5, 5], "texture": "#0"},
				"east": {"uv": [11.5, 3.5, 12, 5], "texture": "#0"},
				"south": {"uv": [11.5, 3.5, 12, 5], "texture": "#0"},
				"west": {"uv": [11.5, 3.5, 12, 5], "texture": "#0"},
				"up": {"uv": [11.5, 3.5, 12, 4], "texture": "#0"},
				"down": {"uv": [11.5, 4.5, 12, 5], "texture": "#0"}
			}
		},
		{
			"name": "copper_spear_in_hand_8",
			"from": [15, 13.8, 7.5],
			"to": [16, 16.8, 8.5],
			"rotation": {"angle": 0, "axis": "y", "origin": [-6, -6.2, 7.5]},
			"faces": {
				"north": {"uv": [11.5, 4, 11, 5.5], "texture": "#0"},
				"east": {"uv": [11, 4, 11.5, 5.5], "texture": "#0"},
				"south": {"uv": [11, 4, 11.5, 5.5], "texture": "#0"},
				"west": {"uv": [11, 4, 11.5, 5.5], "texture": "#0"},
				"up": {"uv": [11, 4, 11.5, 4.5], "texture": "#0"},
				"down": {"uv": [11, 5, 11.5, 5.5], "texture": "#0"}
			}
		},
		{
			"name": "copper_spear_in_hand_9",
			"from": [14, 12.8, 7.5],
			"to": [15, 15.8, 8.5],
			"rotation": {"angle": 0, "axis": "y", "origin": [-6, -6.2, 7.5]},
			"faces": {
				"north": {"uv": [11, 4.5, 10.5, 6], "texture": "#0"},
				"east": {"uv": [10.5, 4.5, 11, 6], "texture": "#0"},
				"south": {"uv": [10.5, 4.5, 11, 6], "texture": "#0"},
				"west": {"uv": [10.5, 4.5, 11, 6], "texture": "#0"},
				"up": {"uv": [10.5, 4.5, 11, 5], "texture": "#0"},
				"down": {"uv": [10.5, 5.5, 11, 6], "texture": "#0"}
			}
		},
		{
			"name": "copper_spear_in_hand_10",
			"from": [13, 11.8, 7.5],
			"to": [14, 14.8, 8.5],
			"rotation": {"angle": 0, "axis": "y", "origin": [-6, -6.2, 7.5]},
			"faces": {
				"north": {"uv": [10.5, 5, 10, 6.5], "texture": "#0"},
				"east": {"uv": [10, 5, 10.5, 6.5], "texture": "#0"},
				"south": {"uv": [10, 5, 10.5, 6.5], "texture": "#0"},
				"west": {"uv": [10, 5, 10.5, 6.5], "texture": "#0"},
				"up": {"uv": [10, 5, 10.5, 5.5], "texture": "#0"},
				"down": {"uv": [10, 6, 10.5, 6.5], "texture": "#0"}
			}
		},
		{
			"name": "copper_spear_in_hand_11",
			"from": [12, 10.8, 7.5],
			"to": [13, 13.8, 8.5],
			"rotation": {"angle": 0, "axis": "y", "origin": [-6, -6.2, 7.5]},
			"faces": {
				"north": {"uv": [10, 5.5, 9.5, 7], "texture": "#0"},
				"east": {"uv": [9.5, 5.5, 10, 7], "texture": "#0"},
				"south": {"uv": [9.5, 5.5, 10, 7], "texture": "#0"},
				"west": {"uv": [9.5, 5.5, 10, 7], "texture": "#0"},
				"up": {"uv": [9.5, 5.5, 10, 6], "texture": "#0"},
				"down": {"uv": [9.5, 6.5, 10, 7], "texture": "#0"}
			}
		},
		{
			"name": "copper_spear_in_hand_12",
			"from": [11, 9.8, 7.5],
			"to": [12, 12.8, 8.5],
			"rotation": {"angle": 0, "axis": "y", "origin": [-6, -6.2, 7.5]},
			"faces": {
				"north": {"uv": [9.5, 6, 9, 7.5], "texture": "#0"},
				"east": {"uv": [9, 6, 9.5, 7.5], "texture": "#0"},
				"south": {"uv": [9, 6, 9.5, 7.5], "texture": "#0"},
				"west": {"uv": [9, 6, 9.5, 7.5], "texture": "#0"},
				"up": {"uv": [9, 6, 9.5, 6.5], "texture": "#0"},
				"down": {"uv": [9, 7, 9.5, 7.5], "texture": "#0"}
			}
		},
		{
			"name": "copper_spear_in_hand_13",
			"from": [10, 8.8, 7.5],
			"to": [11, 11.8, 8.5],
			"rotation": {"angle": 0, "axis": "y", "origin": [-6, -6.2, 7.5]},
			"faces": {
				"north": {"uv": [9, 6.5, 8.5, 8], "texture": "#0"},
				"east": {"uv": [8.5, 6.5, 9, 8], "texture": "#0"},
				"south": {"uv": [8.5, 6.5, 9, 8], "texture": "#0"},
				"west": {"uv": [8.5, 6.5, 9, 8], "texture": "#0"},
				"up": {"uv": [8.5, 6.5, 9, 7], "texture": "#0"},
				"down": {"uv": [8.5, 7.5, 9, 8], "texture": "#0"}
			}
		},
		{
			"name": "copper_spear_in_hand_14",
			"from": [9, 7.8, 7.5],
			"to": [10, 10.8, 8.5],
			"rotation": {"angle": 0, "axis": "y", "origin": [-6, -6.2, 7.5]},
			"faces": {
				"north": {"uv": [8.5, 7, 8, 8.5], "texture": "#0"},
				"east": {"uv": [8, 7, 8.5, 8.5], "texture": "#0"},
				"south": {"uv": [8, 7, 8.5, 8.5], "texture": "#0"},
				"west": {"uv": [8, 7, 8.5, 8.5], "texture": "#0"},
				"up": {"uv": [8, 7, 8.5, 7.5], "texture": "#0"},
				"down": {"uv": [8, 8, 8.5, 8.5], "texture": "#0"}
			}
		},
		{
			"name": "copper_spear_in_hand_15",
			"from": [8, 6.8, 7.5],
			"to": [9, 9.8, 8.5],
			"rotation": {"angle": 0, "axis": "y", "origin": [-6, -6.2, 7.5]},
			"faces": {
				"north": {"uv": [8, 7.5, 7.5, 9], "texture": "#0"},
				"east": {"uv": [7.5, 7.5, 8, 9], "texture": "#0"},
				"south": {"uv": [7.5, 7.5, 8, 9], "texture": "#0"},
				"west": {"uv": [7.5, 7.5, 8, 9], "texture": "#0"},
				"up": {"uv": [7.5, 7.5, 8, 8], "texture": "#0"},
				"down": {"uv": [7.5, 8.5, 8, 9], "texture": "#0"}
			}
		},
		{
			"name": "copper_spear_in_hand_16",
			"from": [7, 5.8, 7.5],
			"to": [8, 8.8, 8.5],
			"rotation": {"angle": 0, "axis": "y", "origin": [-6, -6.2, 7.5]},
			"faces": {
				"north": {"uv": [7.5, 8, 7, 9.5], "texture": "#0"},
				"east": {"uv": [7, 8, 7.5, 9.5], "texture": "#0"},
				"south": {"uv": [7, 8, 7.5, 9.5], "texture": "#0"},
				"west": {"uv": [7, 8, 7.5, 9.5], "texture": "#0"},
				"up": {"uv": [7, 8, 7.5, 8.5], "texture": "#0"},
				"down": {"uv": [7, 9, 7.5, 9.5], "texture": "#0"}
			}
		},
		{
			"name": "copper_spear_in_hand_17",
			"from": [6, 4.8, 7.5],
			"to": [7, 7.8, 8.5],
			"rotation": {"angle": 0, "axis": "y", "origin": [-6, -6.2, 7.5]},
			"faces": {
				"north": {"uv": [7, 8.5, 6.5, 10], "texture": "#0"},
				"east": {"uv": [6.5, 8.5, 7, 10], "texture": "#0"},
				"south": {"uv": [6.5, 8.5, 7, 10], "texture": "#0"},
				"west": {"uv": [6.5, 8.5, 7, 10], "texture": "#0"},
				"up": {"uv": [6.5, 8.5, 7, 9], "texture": "#0"},
				"down": {"uv": [6.5, 9.5, 7, 10], "texture": "#0"}
			}
		},
		{
			"name": "copper_spear_in_hand_18",
			"from": [5, 3.8, 7.5],
			"to": [6, 6.8, 8.5],
			"rotation": {"angle": 0, "axis": "y", "origin": [-6, -6.2, 7.5]},
			"faces": {
				"north": {"uv": [6.5, 9, 6, 10.5], "texture": "#0"},
				"east": {"uv": [6, 9, 6.5, 10.5], "texture": "#0"},
				"south": {"uv": [6, 9, 6.5, 10.5], "texture": "#0"},
				"west": {"uv": [6, 9, 6.5, 10.5], "texture": "#0"},
				"up": {"uv": [6, 9, 6.5, 9.5], "texture": "#0"},
				"down": {"uv": [6, 10, 6.5, 10.5], "texture": "#0"}
			}
		},
		{
			"name": "copper_spear_in_hand_19",
			"from": [4, 2.8, 7.5],
			"to": [5, 5.8, 8.5],
			"rotation": {"angle": 0, "axis": "y", "origin": [-6, -6.2, 7.5]},
			"faces": {
				"north": {"uv": [6, 9.5, 5.5, 11], "texture": "#0"},
				"east": {"uv": [5.5, 9.5, 6, 11], "texture": "#0"},
				"south": {"uv": [5.5, 9.5, 6, 11], "texture": "#0"},
				"west": {"uv": [5.5, 9.5, 6, 11], "texture": "#0"},
				"up": {"uv": [5.5, 9.5, 6, 10], "texture": "#0"},
				"down": {"uv": [5.5, 10.5, 6, 11], "texture": "#0"}
			}
		},
		{
			"name": "copper_spear_in_hand_20",
			"from": [3, 1.8, 7.5],
			"to": [4, 4.8, 8.5],
			"rotation": {"angle": 0, "axis": "y", "origin": [-6, -6.2, 7.5]},
			"faces": {
				"north": {"uv": [5.5, 10, 5, 11.5], "texture": "#0"},
				"east": {"uv": [5, 10, 5.5, 11.5], "texture": "#0"},
				"south": {"uv": [5, 10, 5.5, 11.5], "texture": "#0"},
				"west": {"uv": [5, 10, 5.5, 11.5], "texture": "#0"},
				"up": {"uv": [5, 10, 5.5, 10.5], "texture": "#0"},
				"down": {"uv": [5, 11, 5.5, 11.5], "texture": "#0"}
			}
		},
		{
			"name": "copper_spear_in_hand_21",
			"from": [2, 0.8, 7.5],
			"to": [3, 3.8, 8.5],
			"rotation": {"angle": 0, "axis": "y", "origin": [-6, -6.2, 7.5]},
			"faces": {
				"north": {"uv": [5, 10.5, 4.5, 12], "texture": "#0"},
				"east": {"uv": [4.5, 10.5, 5, 12], "texture": "#0"},
				"south": {"uv": [4.5, 10.5, 5, 12], "texture": "#0"},
				"west": {"uv": [4.5, 10.5, 5, 12], "texture": "#0"},
				"up": {"uv": [4.5, 10.5, 5, 11], "texture": "#0"},
				"down": {"uv": [4.5, 11.5, 5, 12], "texture": "#0"}
			}
		},
		{
			"name": "copper_spear_in_hand_22",
			"from": [1, -0.2, 7.5],
			"to": [2, 2.8, 8.5],
			"rotation": {"angle": 0, "axis": "y", "origin": [-6, -6.2, 7.5]},
			"faces": {
				"north": {"uv": [4.5, 11, 4, 12.5], "texture": "#0"},
				"east": {"uv": [4, 11, 4.5, 12.5], "texture": "#0"},
				"south": {"uv": [4, 11, 4.5, 12.5], "texture": "#0"},
				"west": {"uv": [4, 11, 4.5, 12.5], "texture": "#0"},
				"up": {"uv": [4, 11, 4.5, 11.5], "texture": "#0"},
				"down": {"uv": [4, 12, 4.5, 12.5], "texture": "#0"}
			}
		},
		{
			"name": "copper_spear_in_hand_23",
			"from": [0, -1.2, 7.5],
			"to": [1, 1.8, 8.5],
			"rotation": {"angle": 0, "axis": "y", "origin": [-6, -6.2, 7.5]},
			"faces": {
				"north": {"uv": [4, 11.5, 3.5, 13], "texture": "#0"},
				"east": {"uv": [3.5, 11.5, 4, 13], "texture": "#0"},
				"south": {"uv": [3.5, 11.5, 4, 13], "texture": "#0"},
				"west": {"uv": [3.5, 11.5, 4, 13], "texture": "#0"},
				"up": {"uv": [3.5, 11.5, 4, 12], "texture": "#0"},
				"down": {"uv": [3.5, 12.5, 4, 13], "texture": "#0"}
			}
		},
		{
			"name": "copper_spear_in_hand_24",
			"from": [-1, -2.2, 7.5],
			"to": [0, 0.8, 8.5],
			"rotation": {"angle": 0, "axis": "y", "origin": [-6, -6.2, 7.5]},
			"faces": {
				"north": {"uv": [3.5, 12, 3, 13.5], "texture": "#0"},
				"east": {"uv": [3, 12, 3.5, 13.5], "texture": "#0"},
				"south": {"uv": [3, 12, 3.5, 13.5], "texture": "#0"},
				"west": {"uv": [3, 12, 3.5, 13.5], "texture": "#0"},
				"up": {"uv": [3, 12, 3.5, 12.5], "texture": "#0"},
				"down": {"uv": [3, 13, 3.5, 13.5], "texture": "#0"}
			}
		},
		{
			"name": "copper_spear_in_hand_25",
			"from": [-2, -3.2, 7.5],
			"to": [-1, -0.2, 8.5],
			"rotation": {"angle": 0, "axis": "y", "origin": [-6, -6.2, 7.5]},
			"faces": {
				"north": {"uv": [3, 12.5, 2.5, 14], "texture": "#0"},
				"east": {"uv": [2.5, 12.5, 3, 14], "texture": "#0"},
				"south": {"uv": [2.5, 12.5, 3, 14], "texture": "#0"},
				"west": {"uv": [2.5, 12.5, 3, 14], "texture": "#0"},
				"up": {"uv": [2.5, 12.5, 3, 13], "texture": "#0"},
				"down": {"uv": [2.5, 13.5, 3, 14], "texture": "#0"}
			}
		},
		{
			"name": "copper_spear_in_hand_26",
			"from": [-3, -4.2, 7.5],
			"to": [-2, -1.2, 8.5],
			"rotation": {"angle": 0, "axis": "y", "origin": [-7, -7.2, 7.5]},
			"faces": {
				"north": {"uv": [2.5, 13, 2, 14.5], "texture": "#0"},
				"east": {"uv": [2, 13, 2.5, 14.5], "texture": "#0"},
				"south": {"uv": [2, 13, 2.5, 14.5], "texture": "#0"},
				"west": {"uv": [2, 13, 2.5, 14.5], "texture": "#0"},
				"up": {"uv": [2, 13, 2.5, 13.5], "texture": "#0"},
				"down": {"uv": [2, 14, 2.5, 14.5], "texture": "#0"}
			}
		},
		{
			"name": "copper_spear_in_hand_27",
			"from": [-4, -5.2, 7.5],
			"to": [-3, -2.2, 8.5],
			"rotation": {"angle": 0, "axis": "y", "origin": [-8, -8.2, 7.5]},
			"faces": {
				"north": {"uv": [2, 13.5, 1.5, 15], "texture": "#0"},
				"east": {"uv": [1.5, 13.5, 2, 15], "texture": "#0"},
				"south": {"uv": [1.5, 13.5, 2, 15], "texture": "#0"},
				"west": {"uv": [1.5, 13.5, 2, 15], "texture": "#0"},
				"up": {"uv": [1.5, 13.5, 2, 14], "texture": "#0"},
				"down": {"uv": [1.5, 14.5, 2, 15], "texture": "#0"}
			}
		},
		{
			"name": "copper_spear_in_hand_28",
			"from": [-5, -6.2, 7.5],
			"to": [-4, -3.2, 8.5],
			"rotation": {"angle": 0, "axis": "y", "origin": [-9, -9.2, 7.5]},
			"faces": {
				"north": {"uv": [1.5, 14, 1, 15.5], "texture": "#0"},
				"east": {"uv": [1, 14, 1.5, 15.5], "texture": "#0"},
				"south": {"uv": [1, 14, 1.5, 15.5], "texture": "#0"},
				"west": {"uv": [1, 14, 1.5, 15.5], "texture": "#0"},
				"up": {"uv": [1, 14, 1.5, 14.5], "texture": "#0"},
				"down": {"uv": [1, 15, 1.5, 15.5], "texture": "#0"}
			}
		},
		{
			"name": "copper_spear_in_hand_26",
			"from": [-6, -7.2, 7.5],
			"to": [-5, -4.2, 8.5],
			"rotation": {"angle": 0, "axis": "y", "origin": [-9, -9.2, 7.5]},
			"faces": {
				"north": {"uv": [1, 14.5, 0.5, 16], "texture": "#0"},
				"east": {"uv": [0.5, 14.5, 1, 16], "texture": "#0"},
				"south": {"uv": [0.5, 14.5, 1, 16], "texture": "#0"},
				"west": {"uv": [0.5, 14.5, 1, 16], "texture": "#0"},
				"up": {"uv": [0.5, 14.5, 1, 15], "texture": "#0"},
				"down": {"uv": [0.5, 15.5, 1, 16], "texture": "#0"}
			}
		},
		{
			"name": "copper_spear_in_hand_27",
			"from": [-7, -7.2, 7.5],
			"to": [-6, -5.2, 8.5],
			"rotation": {"angle": 0, "axis": "y", "origin": [-9, -9.2, 7.5]},
			"faces": {
				"north": {"uv": [0.5, 15, 0, 16], "texture": "#0"},
				"east": {"uv": [0, 15, 0.5, 16], "texture": "#0"},
				"south": {"uv": [0, 15, 0.5, 16], "texture": "#0"},
				"west": {"uv": [0, 15, 0.5, 16], "texture": "#0"},
				"up": {"uv": [0, 15, 0.5, 15.5], "texture": "#0"},
				"down": {"uv": [0, 15.5, 0.5, 16], "texture": "#0"}
			}
		}
	],
	"display": {
		"thirdperson_righthand": {
			"rotation": [-83, -90, -40],
			"translation": [0, 2, 2]
		},
		"thirdperson_lefthand": {
			"rotation": [5, -90, -40],
			"translation": [0, 2, 2]
		},
		"firstperson_righthand": {
			"rotation": [-20, -90, 35],
			"translation": [3.13, 2, 0.13],
			"scale": [0.64, 0.64, 0.64]
		},
		"firstperson_lefthand": {
			"rotation": [-20, 90, -35],
			"translation": [3.13, 2, 0.13],
			"scale": [0.64, 0.64, 0.64]
		}
	},
	"groups": [
		{
			"name": "group",
			"origin": [0, 0, 7.5],
			"color": 0,
			"children": [0, 1, 2, 3, 4, 5, 6, 7, 8, 9, 10, 11, 12, 13, 14, 15, 16, 17, 18, 19, 20, 21, 22, 23, 24, 25, 26, 27, 28, 29, 30]
		},
		{
			"name": "copper_spear_in_hand",
			"origin": [8, 8, 8],
			"color": 0,
			"children": [31, 32, 33, 34, 35, 36, 37, 38, 39, 40, 41, 42, 43, 44, 45, 46, 47, 48, 49, 50, 51, 52, 53, 54, 55, 56, 57, 58, 59, 60, 61]
		}
	]
}