{
	"format_version": "1.21.6",
	"credit": "Made with Blockbench",
	"texture_size": [32, 32],
	"textures": {
		"0": "item/copper/spear",
		"1": "item/outline/dropped_spear_outline",
		"particle": "item/copper/spear"
	},
	"elements": [
		{
			"name": "copper_spear_0",
			"from": [13, 13, 7.5],
			"to": [16, 16, 8.5],
			"rotation": {"angle": 0, "axis": "y", "origin": [0, 0, 7.5]},
			"faces": {
				"north": {"uv": [16, 0, 14.5, 1.5], "texture": "#0"},
				"east": {"uv": [15.5, 0, 16, 1.5], "texture": "#0"},
				"south": {"uv": [14.5, 0, 16, 1.5], "texture": "#0"},
				"west": {"uv": [14.5, 0, 15, 1.5], "texture": "#0"},
				"up": {"uv": [14.5, 0, 16, 0.5], "texture": "#0"},
				"down": {"uv": [14.5, 1, 16, 1.5], "texture": "#0"}
			}
		},
		{
			"name": "copper_spear_1",
			"from": [11, 7, 7.5],
			"to": [13, 15, 8.5],
			"rotation": {"angle": 0, "axis": "y", "origin": [0, 0, 7.5]},
			"faces": {
				"north": {"uv": [14.5, 0.5, 13.5, 4.5], "texture": "#0"},
				"east": {"uv": [14, 0.5, 14.5, 4.5], "texture": "#0"},
				"south": {"uv": [13.5, 0.5, 14.5, 4.5], "texture": "#0"},
				"west": {"uv": [13.5, 0.5, 14, 4.5], "texture": "#0"},
				"up": {"uv": [13.5, 0.5, 14.5, 1], "texture": "#0"},
				"down": {"uv": [13.5, 4, 14.5, 4.5], "texture": "#0"}
			}
		},
		{
			"name": "copper_spear_2",
			"from": [9, 8, 7.5],
			"to": [11, 14, 8.5],
			"rotation": {"angle": 0, "axis": "y", "origin": [0, 0, 7.5]},
			"faces": {
				"north": {"uv": [13.5, 1, 12.5, 4], "texture": "#0"},
				"east": {"uv": [13, 1, 13.5, 4], "texture": "#0"},
				"south": {"uv": [12.5, 1, 13.5, 4], "texture": "#0"},
				"west": {"uv": [12.5, 1, 13, 4], "texture": "#0"},
				"up": {"uv": [12.5, 1, 13.5, 1.5], "texture": "#0"},
				"down": {"uv": [12.5, 3.5, 13.5, 4], "texture": "#0"}
			}
		},
		{
			"name": "copper_spear_3",
			"from": [7, 11, 7.5],
			"to": [9, 13, 8.5],
			"rotation": {"angle": 0, "axis": "y", "origin": [0, 0, 7.5]},
			"faces": {
				"north": {"uv": [12.5, 1.5, 11.5, 2.5], "texture": "#0"},
				"east": {"uv": [12, 1.5, 12.5, 2.5], "texture": "#0"},
				"south": {"uv": [11.5, 1.5, 12.5, 2.5], "texture": "#0"},
				"west": {"uv": [11.5, 1.5, 12, 2.5], "texture": "#0"},
				"up": {"uv": [11.5, 1.5, 12.5, 2], "texture": "#0"},
				"down": {"uv": [11.5, 2, 12.5, 2.5], "texture": "#0"}
			}
		},
		{
			"name": "copper_spear_4",
			"from": [13, 11, 7.5],
			"to": [15, 13, 8.5],
			"rotation": {"angle": 0, "axis": "y", "origin": [0, 0, 7.5]},
			"faces": {
				"north": {"uv": [15.5, 1.5, 14.5, 2.5], "texture": "#0"},
				"east": {"uv": [15, 1.5, 15.5, 2.5], "texture": "#0"},
				"south": {"uv": [14.5, 1.5, 15.5, 2.5], "texture": "#0"},
				"west": {"uv": [14.5, 1.5, 15, 2.5], "texture": "#0"},
				"up": {"uv": [14.5, 1.5, 15.5, 2], "texture": "#0"},
				"down": {"uv": [14.5, 2, 15.5, 2.5], "texture": "#0"}
			}
		},
		{
			"name": "copper_spear_5",
			"from": [8, 7, 7.5],
			"to": [9, 11, 8.5],
			"rotation": {"angle": 0, "axis": "y", "origin": [0, 0, 7.5]},
			"faces": {
				"north": {"uv": [12.5, 2.5, 12, 4.5], "texture": "#0"},
				"east": {"uv": [12, 2.5, 12.5, 4.5], "texture": "#0"},
				"south": {"uv": [12, 2.5, 12.5, 4.5], "texture": "#0"},
				"west": {"uv": [12, 2.5, 12.5, 4.5], "texture": "#0"},
				"up": {"uv": [12, 2.5, 12.5, 3], "texture": "#0"},
				"down": {"uv": [12, 4, 12.5, 4.5], "texture": "#0"}
			}
		},
		{
			"name": "copper_spear_6",
			"from": [13, 9, 7.5],
			"to": [14, 11, 8.5],
			"rotation": {"angle": 0, "axis": "y", "origin": [0, 0, 7.5]},
			"faces": {
				"north": {"uv": [15, 2.5, 14.5, 3.5], "texture": "#0"},
				"east": {"uv": [14.5, 2.5, 15, 3.5], "texture": "#0"},
				"south": {"uv": [14.5, 2.5, 15, 3.5], "texture": "#0"},
				"west": {"uv": [14.5, 2.5, 15, 3.5], "texture": "#0"},
				"up": {"uv": [14.5, 2.5, 15, 3], "texture": "#0"},
				"down": {"uv": [14.5, 3, 15, 3.5], "texture": "#0"}
			}
		},
		{
			"name": "copper_spear_7",
			"from": [7, 6, 7.5],
			"to": [8, 9, 8.5],
			"rotation": {"angle": 0, "axis": "y", "origin": [0, 0, 7.5]},
			"faces": {
				"north": {"uv": [12, 3.5, 11.5, 5], "texture": "#0"},
				"east": {"uv": [11.5, 3.5, 12, 5], "texture": "#0"},
				"south": {"uv": [11.5, 3.5, 12, 5], "texture": "#0"},
				"west": {"uv": [11.5, 3.5, 12, 5], "texture": "#0"},
				"up": {"uv": [11.5, 3.5, 12, 4], "texture": "#0"},
				"down": {"uv": [11.5, 4.5, 12, 5], "texture": "#0"}
			}
		},
		{
			"name": "copper_spear_8",
			"from": [6, 5, 7.5],
			"to": [7, 8, 8.5],
			"rotation": {"angle": 0, "axis": "y", "origin": [0, 0, 7.5]},
			"faces": {
				"north": {"uv": [11.5, 4, 11, 5.5], "texture": "#0"},
				"east": {"uv": [11, 4, 11.5, 5.5], "texture": "#0"},
				"south": {"uv": [11, 4, 11.5, 5.5], "texture": "#0"},
				"west": {"uv": [11, 4, 11.5, 5.5], "texture": "#0"},
				"up": {"uv": [11, 4, 11.5, 4.5], "texture": "#0"},
				"down": {"uv": [11, 5, 11.5, 5.5], "texture": "#0"}
			}
		},
		{
			"name": "copper_spear_9",
			"from": [5, 4, 7.5],
			"to": [6, 7, 8.5],
			"rotation": {"angle": 0, "axis": "y", "origin": [0, 0, 7.5]},
			"faces": {
				"north": {"uv": [11, 4.5, 10.5, 6], "texture": "#0"},
				"east": {"uv": [10.5, 4.5, 11, 6], "texture": "#0"},
				"south": {"uv": [10.5, 4.5, 11, 6], "texture": "#0"},
				"west": {"uv": [10.5, 4.5, 11, 6], "texture": "#0"},
				"up": {"uv": [10.5, 4.5, 11, 5], "texture": "#0"},
				"down": {"uv": [10.5, 5.5, 11, 6], "texture": "#0"}
			}
		},
		{
			"name": "copper_spear_10",
			"from": [4, 3, 7.5],
			"to": [5, 6, 8.5],
			"rotation": {"angle": 0, "axis": "y", "origin": [0, 0, 7.5]},
			"faces": {
				"north": {"uv": [10.5, 5, 10, 6.5], "texture": "#0"},
				"east": {"uv": [10, 5, 10.5, 6.5], "texture": "#0"},
				"south": {"uv": [10, 5, 10.5, 6.5], "texture": "#0"},
				"west": {"uv": [10, 5, 10.5, 6.5], "texture": "#0"},
				"up": {"uv": [10, 5, 10.5, 5.5], "texture": "#0"},
				"down": {"uv": [10, 6, 10.5, 6.5], "texture": "#0"}
			}
		},
		{
			"name": "copper_spear_11",
			"from": [3, 2, 7.5],
			"to": [4, 5, 8.5],
			"rotation": {"angle": 0, "axis": "y", "origin": [0, 0, 7.5]},
			"faces": {
				"north": {"uv": [10, 5.5, 9.5, 7], "texture": "#0"},
				"east": {"uv": [9.5, 5.5, 10, 7], "texture": "#0"},
				"south": {"uv": [9.5, 5.5, 10, 7], "texture": "#0"},
				"west": {"uv": [9.5, 5.5, 10, 7], "texture": "#0"},
				"up": {"uv": [9.5, 5.5, 10, 6], "texture": "#0"},
				"down": {"uv": [9.5, 6.5, 10, 7], "texture": "#0"}
			}
		},
		{
			"name": "copper_spear_12",
			"from": [2, 1, 7.5],
			"to": [3, 4, 8.5],
			"rotation": {"angle": 0, "axis": "y", "origin": [0, 0, 7.5]},
			"faces": {
				"north": {"uv": [9.5, 6, 9, 7.5], "texture": "#0"},
				"east": {"uv": [9, 6, 9.5, 7.5], "texture": "#0"},
				"south": {"uv": [9, 6, 9.5, 7.5], "texture": "#0"},
				"west": {"uv": [9, 6, 9.5, 7.5], "texture": "#0"},
				"up": {"uv": [9, 6, 9.5, 6.5], "texture": "#0"},
				"down": {"uv": [9, 7, 9.5, 7.5], "texture": "#0"}
			}
		},
		{
			"name": "copper_spear_13",
			"from": [1, 0, 7.5],
			"to": [2, 3, 8.5],
			"rotation": {"angle": 0, "axis": "y", "origin": [0, 0, 7.5]},
			"faces": {
				"north": {"uv": [9, 6.5, 8.5, 8], "texture": "#0"},
				"east": {"uv": [8.5, 6.5, 9, 8], "texture": "#0"},
				"south": {"uv": [8.5, 6.5, 9, 8], "texture": "#0"},
				"west": {"uv": [8.5, 6.5, 9, 8], "texture": "#0"},
				"up": {"uv": [8.5, 6.5, 9, 7], "texture": "#0"},
				"down": {"uv": [8.5, 7.5, 9, 8], "texture": "#0"}
			}
		},
		{
			"name": "copper_spear_14",
			"from": [0, 0, 7.5],
			"to": [1, 2, 8.5],
			"rotation": {"angle": 0, "axis": "y", "origin": [0, 0, 7.5]},
			"faces": {
				"north": {"uv": [8.5, 7, 8, 8], "texture": "#0"},
				"east": {"uv": [8, 7, 8.5, 8], "texture": "#0"},
				"south": {"uv": [8, 7, 8.5, 8], "texture": "#0"},
				"west": {"uv": [8, 7, 8.5, 8], "texture": "#0"},
				"up": {"uv": [8, 7, 8.5, 7.5], "texture": "#0"},
				"down": {"uv": [8, 7.5, 8.5, 8], "texture": "#0"}
			}
		},
		{
			"name": "copper_spear_0_outline",
			"from": [16.2, 16.2, 8.7],
			"to": [12.8, 12.8, 7.3],
			"rotation": {"angle": 0, "axis": "y", "origin": [0, 0, 7.5]},
			"faces": {
				"north": {"uv": [2, 3, 3.5, 4.5], "texture": "#1"},
				"east": {"uv": [4.5, 4.5, 5, 6], "texture": "#1"},
				"south": {"uv": [3.5, 3, 5, 4.5], "texture": "#1"},
				"west": {"uv": [5, 3, 5.5, 4.5], "texture": "#1"},
				"up": {"uv": [6.5, 5, 5, 4.5], "texture": "#1"},
				"down": {"uv": [6.5, 5, 5, 5.5], "texture": "#1"}
			}
		},
		{
			"name": "copper_spear_1_outline",
			"from": [13.2, 15.2, 8.7],
			"to": [10.8, 6.8, 7.3],
			"rotation": {"angle": 0, "axis": "y", "origin": [0, 0, 7.5]},
			"faces": {
				"north": {"uv": [0, 0, 1, 4], "texture": "#1"},
				"east": {"uv": [0, 4, 0.5, 8], "texture": "#1"},
				"south": {"uv": [1, 0, 2, 4], "texture": "#1"},
				"west": {"uv": [0.5, 4, 1, 8], "texture": "#1"},
				"up": {"uv": [6, 7.5, 5, 7], "texture": "#1"},
				"down": {"uv": [10.625, 8, 9.5, 8.5], "texture": "#1"}
			}
		},
		{
			"name": "copper_spear_2_outline",
			"from": [11.2, 14.2, 8.7],
			"to": [8.8, 7.8, 7.3],
			"rotation": {"angle": 0, "axis": "y", "origin": [0, 0, 7.5]},
			"faces": {
				"north": {"uv": [2, 0, 3, 3], "texture": "#1"},
				"east": {"uv": [4, 0, 4.5, 3], "texture": "#1"},
				"south": {"uv": [3, 0, 4, 3], "texture": "#1"},
				"west": {"uv": [1, 4, 1.5, 7], "texture": "#1"},
				"up": {"uv": [11.625, 4, 10.375, 3.5], "texture": "#1"},
				"down": {"uv": [9.625, 9.5, 8.5, 10], "texture": "#1"}
			}
		},
		{
			"name": "copper_spear_3_outline",
			"from": [9.2, 13.2, 8.7],
			"to": [6.8, 10.8, 7.3],
			"rotation": {"angle": 0, "axis": "y", "origin": [0, 0, 7.5]},
			"faces": {
				"north": {"uv": [4.5, 0, 5.5, 1], "texture": "#1"},
				"east": {"uv": [6, 7, 6.5, 8], "texture": "#1"},
				"south": {"uv": [4.5, 1, 5.5, 2], "texture": "#1"},
				"west": {"uv": [7.5, 0, 8, 1], "texture": "#1"},
				"up": {"uv": [8.5, 1.5, 7.5, 1], "texture": "#1"},
				"down": {"uv": [8.625, 1.5, 7.5, 2], "texture": "#1"}
			}
		},
		{
			"name": "copper_spear_4_outline",
			"from": [15.2, 13.2, 8.7],
			"to": [12.8, 10.8, 7.3],
			"rotation": {"angle": 0, "axis": "y", "origin": [0, 0, 7.5]},
			"faces": {
				"north": {"uv": [1.5, 4.5, 2.5, 5.5], "texture": "#1"},
				"east": {"uv": [7.5, 2, 8, 3], "texture": "#1"},
				"south": {"uv": [4.5, 2, 5.5, 3], "texture": "#1"},
				"west": {"uv": [10, 5.5, 10.5, 6.625], "texture": "#1"},
				"up": {"uv": [8.5, 4.5, 7.5, 4], "texture": "#1"},
				"down": {"uv": [5.5, 7.5, 4.5, 8], "texture": "#1"}
			}
		},
		{
			"name": "copper_spear_5_outline",
			"from": [9.2, 11.2, 8.7],
			"to": [7.8, 6.8, 7.3],
			"rotation": {"angle": 0, "axis": "y", "origin": [0, 0, 7.5]},
			"faces": {
				"north": {"uv": [2.5, 4.5, 3, 6.5], "texture": "#1"},
				"east": {"uv": [4, 10.5, 4.5, 16], "texture": "#1"},
				"south": {"uv": [3.5, 4.5, 4, 6.5], "texture": "#1"},
				"west": {"uv": [4, 4.5, 4.5, 6.5], "texture": "#1"},
				"up": {"uv": [1, 11.5, 0.375, 11], "texture": "#1"},
				"down": {"uv": [8, 5.5, 7.5, 6], "texture": "#1"}
			}
		},
		{
			"name": "copper_spear_6_outline",
			"from": [14.2, 11.2, 8.7],
			"to": [12.8, 8.8, 7.3],
			"rotation": {"angle": 0, "axis": "y", "origin": [0, 0, 7.5]},
			"faces": {
				"north": {"uv": [7.5, 4.5, 8, 5.5], "texture": "#1"},
				"east": {"uv": [5.5, 7.5, 6, 8.5], "texture": "#1"},
				"south": {"uv": [6.5, 7.5, 7, 8.5], "texture": "#1"},
				"west": {"uv": [7, 11, 7.5, 12.125], "texture": "#1"},
				"up": {"uv": [9, 2.5, 8.375, 2], "texture": "#1"},
				"down": {"uv": [3, 8, 2.5, 8.5], "texture": "#1"}
			}
		},
		{
			"name": "copper_spear_12_outline",
			"from": [3.2, 4.2, 8.7],
			"to": [1.8, 0.8, 7.3],
			"rotation": {"angle": 0, "axis": "y", "origin": [0, 0, 7.5]},
			"faces": {
				"north": {"uv": [6.5, 6, 7, 7.5], "texture": "#1"},
				"east": {"uv": [7, 0, 7.5, 1.5], "texture": "#1"},
				"south": {"uv": [1, 7, 1.5, 8.5], "texture": "#1"},
				"west": {"uv": [1.5, 7, 2, 8.5], "texture": "#1"},
				"up": {"uv": [9, 6, 8.375, 5.5], "texture": "#1"},
				"down": {"uv": [6.625, 8.5, 6, 9], "texture": "#1"}
			}
		},
		{
			"name": "copper_spear_12_outline",
			"from": [4.2, 5.2, 8.7],
			"to": [2.8, 1.8, 7.3],
			"rotation": {"angle": 0, "axis": "y", "origin": [1, 1, 7.5]},
			"faces": {
				"north": {"uv": [6.5, 6, 7, 7.5], "texture": "#1"},
				"east": {"uv": [7, 0, 7.5, 1.5], "texture": "#1"},
				"south": {"uv": [1, 7, 1.5, 8.5], "texture": "#1"},
				"west": {"uv": [1.5, 7, 2, 8.5], "texture": "#1"},
				"up": {"uv": [9, 6, 8.375, 5.5], "texture": "#1"},
				"down": {"uv": [6.625, 8.5, 6, 9], "texture": "#1"}
			}
		},
		{
			"name": "copper_spear_12_outline",
			"from": [5.2, 6.2, 8.7],
			"to": [3.8, 2.8, 7.3],
			"rotation": {"angle": 0, "axis": "y", "origin": [2, 2, 7.5]},
			"faces": {
				"north": {"uv": [6.5, 6, 7, 7.5], "texture": "#1"},
				"east": {"uv": [7, 0, 7.5, 1.5], "texture": "#1"},
				"south": {"uv": [1, 7, 1.5, 8.5], "texture": "#1"},
				"west": {"uv": [1.5, 7, 2, 8.5], "texture": "#1"},
				"up": {"uv": [9, 6, 8.375, 5.5], "texture": "#1"},
				"down": {"uv": [6.625, 8.5, 6, 9], "texture": "#1"}
			}
		},
		{
			"name": "copper_spear_12_outline",
			"from": [6.2, 7.2, 8.7],
			"to": [4.8, 3.8, 7.3],
			"rotation": {"angle": 0, "axis": "y", "origin": [3, 3, 7.5]},
			"faces": {
				"north": {"uv": [6.5, 6, 7, 7.5], "texture": "#1"},
				"east": {"uv": [7, 0, 7.5, 1.5], "texture": "#1"},
				"south": {"uv": [1, 7, 1.5, 8.5], "texture": "#1"},
				"west": {"uv": [1.5, 7, 2, 8.5], "texture": "#1"},
				"up": {"uv": [9, 6, 8.375, 5.5], "texture": "#1"},
				"down": {"uv": [6.625, 8.5, 6, 9], "texture": "#1"}
			}
		},
		{
			"name": "copper_spear_12_outline",
			"from": [7.2, 8.2, 8.7],
			"to": [5.8, 4.8, 7.3],
			"rotation": {"angle": 0, "axis": "y", "origin": [4, 4, 7.5]},
			"faces": {
				"north": {"uv": [6.5, 6, 7, 7.5], "texture": "#1"},
				"east": {"uv": [7, 0, 7.5, 1.5], "texture": "#1"},
				"south": {"uv": [1, 7, 1.5, 8.5], "texture": "#1"},
				"west": {"uv": [1.5, 7, 2, 8.5], "texture": "#1"},
				"up": {"uv": [9, 6, 8.375, 5.5], "texture": "#1"},
				"down": {"uv": [6.625, 8.5, 6, 9], "texture": "#1"}
			}
		},
		{
			"name": "copper_spear_12_outline",
			"from": [8.2, 9.2, 8.7],
			"to": [6.8, 5.8, 7.3],
			"rotation": {"angle": 0, "axis": "y", "origin": [5, 5, 7.5]},
			"faces": {
				"north": {"uv": [6.5, 6, 7, 7.5], "texture": "#1"},
				"east": {"uv": [7, 0, 7.5, 1.5], "texture": "#1"},
				"south": {"uv": [1, 7, 1.5, 8.5], "texture": "#1"},
				"west": {"uv": [1.5, 7, 2, 8.5], "texture": "#1"},
				"up": {"uv": [9, 6, 8.375, 5.5], "texture": "#1"},
				"down": {"uv": [6.625, 8.5, 6, 9], "texture": "#1"}
			}
		},
		{
			"name": "copper_spear_13_outline",
			"from": [2.2, 3.2, 8.7],
			"to": [0.8, -0.2, 7.3],
			"rotation": {"angle": 0, "axis": "y", "origin": [0, 0, 7.5]},
			"faces": {
				"north": {"uv": [7, 1.5, 7.5, 3], "texture": "#1"},
				"east": {"uv": [2, 7, 2.5, 8.5], "texture": "#1"},
				"south": {"uv": [7, 3, 7.5, 4.5], "texture": "#1"},
				"west": {"uv": [7, 4.5, 7.5, 6], "texture": "#1"},
				"up": {"uv": [8.5, 6.5, 8, 6], "texture": "#1"},
				"down": {"uv": [8.625, 6.5, 8, 7], "texture": "#1"}
			}
		},
		{
			"name": "copper_spear_14_outline",
			"from": [1.2, 2.2, 8.7],
			"to": [-0.2, -0.2, 7.3],
			"rotation": {"angle": 0, "axis": "y", "origin": [0, 0, 7.5]},
			"faces": {
				"north": {"uv": [7.5, 7.5, 8, 8.5], "texture": "#1"},
				"east": {"uv": [0, 8, 0.5, 9], "texture": "#1"},
				"south": {"uv": [8, 0, 8.5, 1], "texture": "#1"},
				"west": {"uv": [0.5, 8, 1, 9], "texture": "#1"},
				"up": {"uv": [8.5, 7.5, 8, 7], "texture": "#1"},
				"down": {"uv": [8.625, 7.5, 8, 8], "texture": "#1"}
			}
		}
	],
	"display": {
		"ground": {
			"translation": [0, 2, 0],
			"scale": [0.5, 0.5, 0.5]
		},
		"fixed": {
			"rotation": [0, -180, 0]
		}
	},
	"groups": [
		{
			"name": "copper_spear",
			"origin": [8, 8, 8],
			"color": 0,
			"children": [0, 1, 2, 3, 4, 5, 6, 7, 8, 9, 10, 11, 12, 13, 14]
		},
		{
			"name": "group",
			"origin": [0, 0, 7.5],
			"color": 0,
			"children": [15, 16, 17, 18, 19, 20, 21, 22, 23, 24, 25, 26, 27, 28, 29]
		}
	]
}