{
	"format_version": "1.21.6",
	"credit": "Made with Blockbench",
	"texture_size": [32, 32],
	"textures": {
		"1": "block/sweet_berry_bush_stage0",
		"particle": "block/sweet_berry_bush_stage0"
	},
	"elements": [
		{
			"from": [0, 0, 5],
			"to": [16, 15, 5],
			"rotation": {"angle": 0, "axis": "y", "origin": [8, 7, 5]},
			"faces": {
				"north": {"uv": [0, 0.5, 8, 8], "texture": "#1", "tintindex": 0},
				"east": {"uv": [0, 0, 0, 8], "texture": "#1"},
				"south": {"uv": [8, 0.5, 0, 8], "texture": "#1", "tintindex": 0},
				"west": {"uv": [0, 0, 0, 8], "texture": "#1"},
				"up": {"uv": [0, 0, 8, 0], "texture": "#1"},
				"down": {"uv": [0, 0, 8, 0], "texture": "#1"}
			}
		},
		{
			"from": [0, 0, 11],
			"to": [16, 15, 11],
			"rotation": {"angle": 0, "axis": "y", "origin": [8, 7, 11]},
			"faces": {
				"north": {"uv": [8, 0.5, 0, 8], "texture": "#1", "tintindex": 0},
				"east": {"uv": [0, 0, 0, 8], "texture": "#1"},
				"south": {"uv": [0, 0.5, 8, 8], "texture": "#1", "tintindex": 0},
				"west": {"uv": [0, 0, 0, 8], "texture": "#1"},
				"up": {"uv": [0, 0, 8, 0], "rotation": 180, "texture": "#1"},
				"down": {"uv": [0, 0, 8, 0], "rotation": 180, "texture": "#1"}
			}
		},
		{
			"from": [11, 0, 0],
			"to": [11, 15, 16],
			"rotation": {"angle": 0, "axis": "y", "origin": [11, 7, 8]},
			"faces": {
				"north": {"uv": [0, 0, 0, 8], "texture": "#1"},
				"east": {"uv": [0, 0.5, 8, 8], "texture": "#1", "tintindex": 0},
				"south": {"uv": [0, 0, 0, 8], "texture": "#1"},
				"west": {"uv": [8, 0.5, 0, 8], "texture": "#1", "tintindex": 0},
				"up": {"uv": [0, 0, 8, 0], "rotation": 90, "texture": "#1"},
				"down": {"uv": [0, 0, 8, 0], "rotation": 270, "texture": "#1"}
			}
		},
		{
			"from": [5, 0, 0],
			"to": [5, 15, 16],
			"rotation": {"angle": 0, "axis": "y", "origin": [5, 7, 8]},
			"faces": {
				"north": {"uv": [0, 0, 0, 8], "texture": "#1"},
				"east": {"uv": [8, 0.5, 0, 8], "texture": "#1", "tintindex": 0},
				"south": {"uv": [0, 0, 0, 8], "texture": "#1"},
				"west": {"uv": [0, 0.5, 8, 8], "texture": "#1", "tintindex": 0},
				"up": {"uv": [0, 0, 8, 0], "rotation": 270, "texture": "#1"},
				"down": {"uv": [0, 0, 8, 0], "rotation": 90, "texture": "#1"}
			}
		},
		{
			"from": [2, 0, 2],
			"to": [14, 0, 14],
			"rotation": {"angle": 0, "axis": "y", "origin": [2, 0, 2]},
			"faces": {
				"north": {"uv": [0, 0, 12, 0], "texture": "#1"},
				"east": {"uv": [0, 0, 12, 0], "texture": "#1"},
				"south": {"uv": [0, 0, 12, 0], "texture": "#1"},
				"west": {"uv": [0, 0, 12, 0], "texture": "#1"},
				"up": {"uv": [1, 9, 7, 15], "texture": "#1"},
				"down": {"uv": [1, 9, 7, 15], "texture": "#1", "tintindex": 0}
			}
		},
		{
			"from": [2, 6, 2],
			"to": [14, 6, 14],
			"rotation": {"angle": 0, "axis": "y", "origin": [2, 6, 2]},
			"faces": {
				"north": {"uv": [0, 0, 12, 0.5], "texture": "#1"},
				"east": {"uv": [0, 0, 12, 0.5], "texture": "#1"},
				"south": {"uv": [0, 0, 12, 0.5], "texture": "#1"},
				"west": {"uv": [0, 0, 12, 0.5], "texture": "#1"},
				"up": {"uv": [9, 1, 15, 7], "texture": "#1", "tintindex": 0},
				"down": {"uv": [9, 1, 15, 7], "texture": "#1"}
			}
		}
	]
}