{
	"format_version": "1.21.6",
	"credit": "Made with Blockbench",
	"texture_size": [32, 32],
	"textures": {
		"0": "block/sweet_berry_bush_stage1",
		"particle": "block/sweet_berry_bush_stage1"
	},
	"elements": [
		{
			"from": [0, 0, 3],
			"to": [16, 16, 3],
			"rotation": {"angle": 0, "axis": "y", "origin": [8, 8, 3]},
			"faces": {
				"north": {"uv": [0, 0, 8, 8], "texture": "#0", "tintindex": 0},
				"east": {"uv": [0, 0, 0, 8], "texture": "#0"},
				"south": {"uv": [8, 0, 0, 8], "texture": "#0", "tintindex": 0},
				"west": {"uv": [0, 0, 0, 8], "texture": "#0"},
				"up": {"uv": [0, 0, 8, 0], "texture": "#0"},
				"down": {"uv": [0, 0, 8, 0], "texture": "#0"}
			}
		},
		{
			"from": [0, 0, 13],
			"to": [16, 16, 13],
			"rotation": {"angle": 0, "axis": "y", "origin": [8, 8, 13]},
			"faces": {
				"north": {"uv": [8, 0, 0, 8], "texture": "#0", "tintindex": 0},
				"east": {"uv": [0, 0, 0, 8], "texture": "#0"},
				"south": {"uv": [0, 0, 8, 8], "texture": "#0", "tintindex": 0},
				"west": {"uv": [0, 0, 0, 8], "texture": "#0"},
				"up": {"uv": [0, 0, 8, 0], "rotation": 180, "texture": "#0"},
				"down": {"uv": [0, 0, 8, 0], "rotation": 180, "texture": "#0"}
			}
		},
		{
			"from": [13, 0, 0],
			"to": [13, 16, 16],
			"rotation": {"angle": 0, "axis": "y", "origin": [13, 8, 8]},
			"faces": {
				"north": {"uv": [0, 0, 0, 8], "texture": "#0"},
				"east": {"uv": [0, 0, 8, 8], "texture": "#0", "tintindex": 0},
				"south": {"uv": [0, 0, 0, 8], "texture": "#0"},
				"west": {"uv": [8, 0, 0, 8], "texture": "#0", "tintindex": 0},
				"up": {"uv": [0, 0, 8, 0], "rotation": 90, "texture": "#0"},
				"down": {"uv": [0, 0, 8, 0], "rotation": 270, "texture": "#0"}
			}
		},
		{
			"from": [3, 0, 0],
			"to": [3, 16, 16],
			"rotation": {"angle": 0, "axis": "y", "origin": [3, 8, 8]},
			"faces": {
				"north": {"uv": [0, 0, 0, 8], "texture": "#0"},
				"east": {"uv": [8, 0, 0, 8], "texture": "#0", "tintindex": 0},
				"south": {"uv": [0, 0, 0, 8], "texture": "#0"},
				"west": {"uv": [0, 0, 8, 8], "texture": "#0", "tintindex": 0},
				"up": {"uv": [0, 0, 8, 0], "rotation": 270, "texture": "#0"},
				"down": {"uv": [0, 0, 8, 0], "rotation": 90, "texture": "#0"}
			}
		},
		{
			"from": [2, 0, 2],
			"to": [14, 0, 14],
			"rotation": {"angle": 0, "axis": "y", "origin": [2, 0, 2]},
			"faces": {
				"north": {"uv": [0, 0, 12, 0], "texture": "#0"},
				"east": {"uv": [0, 0, 12, 0], "texture": "#0"},
				"south": {"uv": [0, 0, 12, 0], "texture": "#0"},
				"west": {"uv": [0, 0, 12, 0], "texture": "#0"},
				"up": {"uv": [1, 9, 7, 15], "texture": "#0"},
				"down": {"uv": [1, 9, 7, 15], "texture": "#0", "tintindex": 0}
			}
		},
		{
			"from": [2, 10, 2],
			"to": [14, 10, 14],
			"rotation": {"angle": 0, "axis": "y", "origin": [2, 10, 2]},
			"faces": {
				"north": {"uv": [0, 0, 12, 0.5], "texture": "#0"},
				"east": {"uv": [0, 0, 12, 0.5], "texture": "#0"},
				"south": {"uv": [0, 0, 12, 0.5], "texture": "#0"},
				"west": {"uv": [0, 0, 12, 0.5], "texture": "#0"},
				"up": {"uv": [9, 1, 15, 7], "texture": "#0", "tintindex": 0},
				"down": {"uv": [3, 1, 15, 13], "texture": "#0"}
			}
		}
	]
}