{
	"credit": "BlueHDGaming",
	"ambientocclusion": false,
	"textures": {
		"flowerpot": "minecraft:block/tall_flower_pot",
		"particle": "minecraft:block/break_particle/flower_pot"
	},
	"elements": [
		{
			"from": [8, 6, 1],
			"to": [8, 18, 15],
			"shade": false,
			"rotation": {"angle": 22.5, "axis": "y", "origin": [8, 6, 8]},
			"faces": {
				"east": {"uv": [0, 0, 16, 16], "texture": "#plant"},
				"west": {"uv": [0, 0, 16, 16], "texture": "#plant"}
			}
		},
		{
			"from": [1, 6, 8],
			"to": [15, 18, 8],
			"shade": false,
			"rotation": {"angle": 22.5, "axis": "y", "origin": [8, 6, 8]},
			"faces": {
				"north": {"uv": [0, 0, 16, 16], "texture": "#plant"},
				"south": {"uv": [0, 0, 16, 16], "texture": "#plant"}
			}
		},
		{
			"from": [9.5, 6, 6.5],
			"to": [6.5, 9, 9.5],
			"rotation": {"angle": -22.5, "axis": "y", "origin": [8, 6, 8]},
			"faces": {
				"north": {"uv": [1, 7, 4, 10], "texture": "#flowerpot"},
				"east": {"uv": [1, 7, 4, 10], "texture": "#flowerpot"},
				"south": {"uv": [1, 7, 4, 10], "texture": "#flowerpot"},
				"west": {"uv": [1, 7, 4, 10], "texture": "#flowerpot"},
				"down": {"uv": [6, 6, 9, 9], "texture": "#soil"}
			}
		},
		{
			"from": [6, 0, 6],
			"to": [10, 1, 10],
			"rotation": {"angle": -22.5, "axis": "y", "origin": [8, 6, 8]},
			"faces": {
				"north": {"uv": [1, 15, 5, 16], "texture": "#flowerpot"},
				"east": {"uv": [1, 15, 5, 16], "texture": "#flowerpot"},
				"south": {"uv": [1, 15, 5, 16], "texture": "#flowerpot"},
				"west": {"uv": [1, 15, 5, 16], "texture": "#flowerpot"},
				"down": {"uv": [1, 2, 5, 6], "texture": "#flowerpot", "cullface": "down"}
			}
		},
		{
			"from": [5, 1, 5],
			"to": [11, 5, 11],
			"rotation": {"angle": -22.5, "axis": "y", "origin": [8, 6, 8]},
			"faces": {
				"north": {"uv": [0, 11, 6, 15], "texture": "#flowerpot"},
				"east": {"uv": [0, 11, 6, 15], "texture": "#flowerpot"},
				"south": {"uv": [0, 11, 6, 15], "texture": "#flowerpot"},
				"west": {"uv": [0, 11, 6, 15], "texture": "#flowerpot"},
				"up": {"uv": [6, 1, 12, 7], "texture": "#flowerpot"},
				"down": {"uv": [0, 1, 6, 7], "texture": "#flowerpot"}
			}
		},
		{
			"from": [6, 5, 6],
			"to": [10, 8, 10],
			"rotation": {"angle": -22.5, "axis": "y", "origin": [8, 6, 8]},
			"faces": {
				"north": {"uv": [1, 8, 5, 11], "texture": "#flowerpot"},
				"east": {"uv": [1, 8, 5, 11], "texture": "#flowerpot"},
				"south": {"uv": [1, 8, 5, 11], "texture": "#flowerpot"},
				"west": {"uv": [1, 8, 5, 11], "texture": "#flowerpot"}
			}
		},
		{
			"from": [5.5, 8, 5.5],
			"to": [10.5, 9, 10.5],
			"rotation": {"angle": -22.5, "axis": "y", "origin": [8, 6, 8]},
			"faces": {
				"north": {"uv": [0, 7, 5, 8], "texture": "#flowerpot"},
				"east": {"uv": [0, 7, 5, 8], "texture": "#flowerpot"},
				"south": {"uv": [0, 7, 5, 8], "texture": "#flowerpot"},
				"west": {"uv": [0, 7, 5, 8], "texture": "#flowerpot"},
				"up": {"uv": [6, 7, 11, 12], "texture": "#flowerpot"},
				"down": {"uv": [6, 7, 11, 12], "texture": "#flowerpot"}
			}
		}
	]
}