{
	"format_version": "1.21.6",
	"credit": "Made with Blockbench",
	"texture_size": [32, 32],
	"textures": {
		"0": "item/misc/shield_icon_dropped",
		"1": "item/outline/shield_dropped",
		"particle": "item/misc/shield_icon_dropped"
	},
	"elements": [
		{
			"name": "shield_icon_dropped_0",
			"from": [4, 2, 8],
			"to": [7, 16, 9],
			"rotation": {"angle": 0, "axis": "y", "origin": [0, 0, 8]},
			"faces": {
				"north": {"uv": [7, 0, 4, 14], "texture": "#0"},
				"east": {"uv": [6, 0, 7, 14], "texture": "#0"},
				"south": {"uv": [4, 0, 7, 14], "texture": "#0"},
				"west": {"uv": [4, 0, 5, 14], "texture": "#0"},
				"up": {"uv": [4, 0, 7, 1], "texture": "#0"},
				"down": {"uv": [4, 13, 7, 14], "texture": "#0"}
			}
		},
		{
			"name": "shield_icon_dropped_1",
			"from": [7, 1, 8],
			"to": [10, 15, 9],
			"rotation": {"angle": 0, "axis": "y", "origin": [0, 0, 8]},
			"faces": {
				"north": {"uv": [10, 1, 7, 15], "texture": "#0"},
				"east": {"uv": [9, 1, 10, 15], "texture": "#0"},
				"south": {"uv": [7, 1, 10, 15], "texture": "#0"},
				"west": {"uv": [7, 1, 8, 15], "texture": "#0"},
				"up": {"uv": [7, 1, 10, 2], "texture": "#0"},
				"down": {"uv": [7, 14, 10, 15], "texture": "#0"}
			}
		},
		{
			"name": "shield_icon_dropped_2",
			"from": [3, 2, 8],
			"to": [4, 14, 9],
			"rotation": {"angle": 0, "axis": "y", "origin": [0, 0, 8]},
			"faces": {
				"north": {"uv": [4, 2, 3, 14], "texture": "#0"},
				"east": {"uv": [3, 2, 4, 14], "texture": "#0"},
				"south": {"uv": [3, 2, 4, 14], "texture": "#0"},
				"west": {"uv": [3, 2, 4, 14], "texture": "#0"},
				"up": {"uv": [3, 2, 4, 3], "texture": "#0"},
				"down": {"uv": [3, 13, 4, 14], "texture": "#0"}
			}
		},
		{
			"name": "shield_icon_dropped_3",
			"from": [10, 4, 8],
			"to": [13, 14, 9],
			"rotation": {"angle": 0, "axis": "y", "origin": [0, 0, 8]},
			"faces": {
				"north": {"uv": [13, 2, 10, 12], "texture": "#0"},
				"east": {"uv": [12, 2, 13, 12], "texture": "#0"},
				"south": {"uv": [10, 2, 13, 12], "texture": "#0"},
				"west": {"uv": [10, 2, 11, 12], "texture": "#0"},
				"up": {"uv": [10, 2, 13, 3], "texture": "#0"},
				"down": {"uv": [10, 11, 13, 12], "texture": "#0"}
			}
		},
		{
			"name": "shield_icon_dropped_4",
			"from": [13, 10, 8],
			"to": [14, 13, 9],
			"rotation": {"angle": 0, "axis": "y", "origin": [0, 0, 8]},
			"faces": {
				"north": {"uv": [14, 3, 13, 6], "texture": "#0"},
				"east": {"uv": [13, 3, 14, 6], "texture": "#0"},
				"south": {"uv": [13, 3, 14, 6], "texture": "#0"},
				"west": {"uv": [13, 3, 14, 6], "texture": "#0"},
				"up": {"uv": [13, 3, 14, 4], "texture": "#0"},
				"down": {"uv": [13, 5, 14, 6], "texture": "#0"}
			}
		},
		{
			"name": "shield_icon_dropped_5",
			"from": [2, 3, 8],
			"to": [3, 10, 9],
			"rotation": {"angle": 0, "axis": "y", "origin": [0, 0, 8]},
			"faces": {
				"north": {"uv": [3, 6, 2, 13], "texture": "#0"},
				"east": {"uv": [2, 6, 3, 13], "texture": "#0"},
				"south": {"uv": [2, 6, 3, 13], "texture": "#0"},
				"west": {"uv": [2, 6, 3, 13], "texture": "#0"},
				"up": {"uv": [2, 6, 3, 7], "texture": "#0"},
				"down": {"uv": [2, 12, 3, 13], "texture": "#0"}
			}
		},
		{
			"name": "shield_icon_dropped_6",
			"from": [13, 6, 8],
			"to": [15, 9, 9],
			"rotation": {"angle": 0, "axis": "y", "origin": [0, 0, 8]},
			"faces": {
				"north": {"uv": [15, 7, 13, 10], "texture": "#0"},
				"east": {"uv": [14, 7, 15, 10], "texture": "#0"},
				"south": {"uv": [13, 7, 15, 10], "texture": "#0"},
				"west": {"uv": [13, 7, 14, 10], "texture": "#0"},
				"up": {"uv": [13, 7, 15, 8], "texture": "#0"},
				"down": {"uv": [13, 9, 15, 10], "texture": "#0"}
			}
		},
		{
			"name": "shield_icon_dropped_7",
			"from": [1, 3, 8],
			"to": [2, 7, 9],
			"rotation": {"angle": 0, "axis": "y", "origin": [0, 0, 8]},
			"faces": {
				"north": {"uv": [2, 9, 1, 13], "texture": "#0"},
				"east": {"uv": [1, 9, 2, 13], "texture": "#0"},
				"south": {"uv": [1, 9, 2, 13], "texture": "#0"},
				"west": {"uv": [1, 9, 2, 13], "texture": "#0"},
				"up": {"uv": [1, 9, 2, 10], "texture": "#0"},
				"down": {"uv": [1, 12, 2, 13], "texture": "#0"}
			}
		},
		{
			"name": "shield_icon_dropped_8",
			"from": [13, 4, 8],
			"to": [14, 6, 9],
			"rotation": {"angle": 0, "axis": "y", "origin": [0, 0, 8]},
			"faces": {
				"north": {"uv": [14, 10, 13, 12], "texture": "#0"},
				"east": {"uv": [13, 10, 14, 12], "texture": "#0"},
				"south": {"uv": [13, 10, 14, 12], "texture": "#0"},
				"west": {"uv": [13, 10, 14, 12], "texture": "#0"},
				"up": {"uv": [13, 10, 14, 11], "texture": "#0"},
				"down": {"uv": [13, 11, 14, 12], "texture": "#0"}
			}
		},
		{
			"name": "shield_icon_dropped_9",
			"from": [10, 3, 8],
			"to": [12, 4, 9],
			"rotation": {"angle": 0, "axis": "y", "origin": [0, 0, 8]},
			"faces": {
				"north": {"uv": [12, 12, 10, 13], "texture": "#0"},
				"east": {"uv": [11, 12, 12, 13], "texture": "#0"},
				"south": {"uv": [10, 12, 12, 13], "texture": "#0"},
				"west": {"uv": [10, 12, 11, 13], "texture": "#0"},
				"up": {"uv": [10, 12, 12, 13], "texture": "#0"},
				"down": {"uv": [10, 12, 12, 13], "texture": "#0"}
			}
		},
		{
			"name": "shield_icon_dropped_10",
			"from": [10, 0, 8],
			"to": [11, 3, 9],
			"rotation": {"angle": 0, "axis": "y", "origin": [0, 0, 8]},
			"faces": {
				"north": {"uv": [11, 13, 10, 16], "texture": "#0"},
				"east": {"uv": [10, 13, 11, 16], "texture": "#0"},
				"south": {"uv": [10, 13, 11, 16], "texture": "#0"},
				"west": {"uv": [10, 13, 11, 16], "texture": "#0"},
				"up": {"uv": [10, 13, 11, 14], "texture": "#0"},
				"down": {"uv": [10, 15, 11, 16], "texture": "#0"}
			}
		},
		{
			"name": "shield_icon_dropped_11",
			"from": [5, 1, 8],
			"to": [7, 2, 9],
			"rotation": {"angle": 0, "axis": "y", "origin": [0, 0, 8]},
			"faces": {
				"north": {"uv": [7, 14, 5, 15], "texture": "#0"},
				"east": {"uv": [6, 14, 7, 15], "texture": "#0"},
				"south": {"uv": [5, 14, 7, 15], "texture": "#0"},
				"west": {"uv": [5, 14, 6, 15], "texture": "#0"},
				"up": {"uv": [5, 14, 7, 15], "texture": "#0"},
				"down": {"uv": [5, 14, 7, 15], "texture": "#0"}
			}
		},
		{
			"name": "shield_icon_dropped_12",
			"from": [8, 0, 8],
			"to": [10, 1, 9],
			"rotation": {"angle": 0, "axis": "y", "origin": [0, 0, 8]},
			"faces": {
				"north": {"uv": [10, 15, 8, 16], "texture": "#0"},
				"east": {"uv": [9, 15, 10, 16], "texture": "#0"},
				"south": {"uv": [8, 15, 10, 16], "texture": "#0"},
				"west": {"uv": [8, 15, 9, 16], "texture": "#0"},
				"up": {"uv": [8, 15, 10, 16], "texture": "#0"},
				"down": {"uv": [8, 15, 10, 16], "texture": "#0"}
			}
		},
		{
			"name": "shield_icon_dropped_0_outline",
			"from": [7.2, 16.2, 9.2],
			"to": [3.8, 1.8, 7.8],
			"rotation": {"angle": 0, "axis": "y", "origin": [0, 0, 8]},
			"faces": {
				"north": {"uv": [0, 0, 1.5, 7], "texture": "#1"},
				"east": {"uv": [0, 7, 0.5, 14], "texture": "#1"},
				"south": {"uv": [1.5, 0, 3, 7], "texture": "#1"},
				"west": {"uv": [0.5, 7, 1, 14], "texture": "#1"},
				"up": {"uv": [9.5, 6, 8, 5.5], "texture": "#1"},
				"down": {"uv": [9.5, 6, 8, 6.5], "texture": "#1"}
			}
		},
		{
			"name": "shield_icon_dropped_1_outline",
			"from": [10.2, 15.2, 9.2],
			"to": [6.8, 0.8, 7.8],
			"rotation": {"angle": 0, "axis": "y", "origin": [0, 0, 8]},
			"faces": {
				"north": {"uv": [3, 0, 4.5, 7], "texture": "#1"},
				"east": {"uv": [1, 7, 1.5, 14], "texture": "#1"},
				"south": {"uv": [4.5, 0, 6, 7], "texture": "#1"},
				"west": {"uv": [1.5, 7, 2, 14], "texture": "#1"},
				"up": {"uv": [9.5, 7, 8, 6.5], "texture": "#1"},
				"down": {"uv": [10, 7, 8.5, 7.5], "texture": "#1"}
			}
		},
		{
			"name": "shield_icon_dropped_2_outline",
			"from": [4.2, 14.2, 9.2],
			"to": [2.8, 1.8, 7.8],
			"rotation": {"angle": 0, "axis": "y", "origin": [0, 0, 8]},
			"faces": {
				"north": {"uv": [2, 7, 2.5, 13], "texture": "#1"},
				"east": {"uv": [2.5, 7, 3, 13], "texture": "#1"},
				"south": {"uv": [3, 7, 3.5, 13], "texture": "#1"},
				"west": {"uv": [3.5, 7, 4, 13], "texture": "#1"},
				"up": {"uv": [9, 8.5, 8.5, 8], "texture": "#1"},
				"down": {"uv": [10.5, 5.5, 10, 6], "texture": "#1"}
			}
		},
		{
			"name": "shield_icon_dropped_3_outline",
			"from": [13.2, 14.2, 9.2],
			"to": [9.8, 3.8, 7.8],
			"rotation": {"angle": 0, "axis": "y", "origin": [0, 0, 8]},
			"faces": {
				"north": {"uv": [6, 0, 7.5, 5], "texture": "#1"},
				"east": {"uv": [4, 7, 4.5, 12], "texture": "#1"},
				"south": {"uv": [6, 5, 7.5, 10], "texture": "#1"},
				"west": {"uv": [4.5, 7, 5, 12], "texture": "#1"},
				"up": {"uv": [9, 9, 7.5, 8.5], "texture": "#1"},
				"down": {"uv": [10, 7.5, 8.5, 8], "texture": "#1"}
			}
		},
		{
			"name": "shield_icon_dropped_4_outline",
			"from": [14.2, 13.2, 9.2],
			"to": [12.8, 9.8, 7.8],
			"rotation": {"angle": 0, "axis": "y", "origin": [0, 0, 8]},
			"faces": {
				"north": {"uv": [9, 0, 9.5, 1.5], "texture": "#1"},
				"east": {"uv": [9, 1.5, 9.5, 3], "texture": "#1"},
				"south": {"uv": [9, 3, 9.5, 4.5], "texture": "#1"},
				"west": {"uv": [7.5, 9, 8, 10.5], "texture": "#1"},
				"up": {"uv": [6.5, 10.5, 6, 10], "texture": "#1"},
				"down": {"uv": [10.5, 6, 10, 6.5], "texture": "#1"}
			}
		},
		{
			"name": "shield_icon_dropped_5_outline",
			"from": [3.2, 10.2, 9.2],
			"to": [1.8, 2.8, 7.8],
			"rotation": {"angle": 0, "axis": "y", "origin": [0, 0, 8]},
			"faces": {
				"north": {"uv": [5, 7, 5.5, 10.5], "texture": "#1"},
				"east": {"uv": [5.5, 7, 6, 10.5], "texture": "#1"},
				"south": {"uv": [7.5, 0, 8, 3.5], "texture": "#1"},
				"west": {"uv": [7.5, 3.5, 8, 7], "texture": "#1"},
				"up": {"uv": [7, 10.5, 6.5, 10], "texture": "#1"},
				"down": {"uv": [7.5, 10, 7, 10.5], "texture": "#1"}
			}
		},
		{
			"name": "shield_icon_dropped_6_outline",
			"from": [15.2, 9.2, 9.2],
			"to": [12.8, 5.8, 7.8],
			"rotation": {"angle": 0, "axis": "y", "origin": [0, 0, 8]},
			"faces": {
				"north": {"uv": [7.5, 7, 8.5, 8.5], "texture": "#1"},
				"east": {"uv": [8, 9, 8.5, 10.5], "texture": "#1"},
				"south": {"uv": [8, 0, 9, 1.5], "texture": "#1"},
				"west": {"uv": [9, 8, 9.5, 9.5], "texture": "#1"},
				"up": {"uv": [10, 5, 9, 4.5], "texture": "#1"},
				"down": {"uv": [10, 5, 9, 5.5], "texture": "#1"}
			}
		},
		{
			"name": "shield_icon_dropped_7_outline",
			"from": [2.2, 7.2, 9.2],
			"to": [0.8, 2.8, 7.8],
			"rotation": {"angle": 0, "axis": "y", "origin": [0, 0, 8]},
			"faces": {
				"north": {"uv": [8, 1.5, 8.5, 3.5], "texture": "#1"},
				"east": {"uv": [8, 3.5, 8.5, 5.5], "texture": "#1"},
				"south": {"uv": [8.5, 1.5, 9, 3.5], "texture": "#1"},
				"west": {"uv": [8.5, 3.5, 9, 5.5], "texture": "#1"},
				"up": {"uv": [10.5, 7.5, 10, 7], "texture": "#1"},
				"down": {"uv": [10.5, 7.5, 10, 8], "texture": "#1"}
			}
		},
		{
			"name": "shield_icon_dropped_8_outline",
			"from": [14.2, 6.2, 9.2],
			"to": [12.8, 3.8, 7.8],
			"rotation": {"angle": 0, "axis": "y", "origin": [0, 0, 8]},
			"faces": {
				"north": {"uv": [9.5, 5.5, 10, 6.5], "texture": "#1"},
				"east": {"uv": [9.5, 8, 10, 9], "texture": "#1"},
				"south": {"uv": [9, 9.5, 9.5, 10.5], "texture": "#1"},
				"west": {"uv": [9.5, 9, 10, 10], "texture": "#1"},
				"up": {"uv": [10.5, 8.5, 10, 8], "texture": "#1"},
				"down": {"uv": [10.5, 8.5, 10, 9], "texture": "#1"}
			}
		},
		{
			"name": "shield_icon_dropped_9_outline",
			"from": [12.2, 4.2, 9.2],
			"to": [9.8, 2.8, 7.8],
			"rotation": {"angle": 0, "axis": "y", "origin": [0, 0, 8]},
			"faces": {
				"north": {"uv": [9.5, 6.5, 10.5, 7], "texture": "#1"},
				"east": {"uv": [10, 9, 10.5, 9.5], "texture": "#1"},
				"south": {"uv": [10, 0, 11, 0.5], "texture": "#1"},
				"west": {"uv": [9.5, 10, 10, 10.5], "texture": "#1"},
				"up": {"uv": [11, 1, 10, 0.5], "texture": "#1"},
				"down": {"uv": [11, 1, 10, 1.5], "texture": "#1"}
			}
		},
		{
			"name": "shield_icon_dropped_10_outline",
			"from": [11.2, 3.2, 9.2],
			"to": [9.8, -0.2, 7.8],
			"rotation": {"angle": 0, "axis": "y", "origin": [0, 0, 8]},
			"faces": {
				"north": {"uv": [8.5, 9, 9, 10.5], "texture": "#1"},
				"east": {"uv": [9.5, 0, 10, 1.5], "texture": "#1"},
				"south": {"uv": [9.5, 1.5, 10, 3], "texture": "#1"},
				"west": {"uv": [9.5, 3, 10, 4.5], "texture": "#1"},
				"up": {"uv": [10.5, 10, 10, 9.5], "texture": "#1"},
				"down": {"uv": [10.5, 10, 10, 10.5], "texture": "#1"}
			}
		},
		{
			"name": "shield_icon_dropped_11_outline",
			"from": [7.2, 2.2, 9.2],
			"to": [4.8, 0.8, 7.8],
			"rotation": {"angle": 0, "axis": "y", "origin": [0, 0, 8]},
			"faces": {
				"north": {"uv": [10, 1.5, 11, 2], "texture": "#1"},
				"east": {"uv": [5, 10.5, 5.5, 11], "texture": "#1"},
				"south": {"uv": [10, 2, 11, 2.5], "texture": "#1"},
				"west": {"uv": [5.5, 10.5, 6, 11], "texture": "#1"},
				"up": {"uv": [11, 3, 10, 2.5], "texture": "#1"},
				"down": {"uv": [11, 3, 10, 3.5], "texture": "#1"}
			}
		},
		{
			"name": "shield_icon_dropped_12_outline",
			"from": [10.2, 1.2, 9.2],
			"to": [7.8, -0.2, 7.8],
			"rotation": {"angle": 0, "axis": "y", "origin": [0, 0, 8]},
			"faces": {
				"north": {"uv": [10, 3.5, 11, 4], "texture": "#1"},
				"east": {"uv": [10.5, 5.5, 11, 6], "texture": "#1"},
				"south": {"uv": [10, 4, 11, 4.5], "texture": "#1"},
				"west": {"uv": [6, 10.5, 6.5, 11], "texture": "#1"},
				"up": {"uv": [11, 5, 10, 4.5], "texture": "#1"},
				"down": {"uv": [11, 5, 10, 5.5], "texture": "#1"}
			}
		}
	],
	"display": {
		"thirdperson_righthand": {
			"translation": [0, 3, 1],
			"scale": [0.55, 0.55, 0.55]
		},
		"thirdperson_lefthand": {
			"translation": [0, 3, 1],
			"scale": [0.55, 0.55, 0.55]
		},
		"firstperson_righthand": {
			"rotation": [0, -90, 25],
			"translation": [1.13, 3.2, 1.13],
			"scale": [0.68, 0.68, 0.68]
		},
		"firstperson_lefthand": {
			"rotation": [0, -90, 25],
			"translation": [1.13, 3.2, 1.13],
			"scale": [0.68, 0.68, 0.68]
		},
		"ground": {
			"translation": [0, 2, 0],
			"scale": [0.5, 0.5, 0.5]
		},
		"head": {
			"rotation": [0, -180, 0],
			"translation": [0, 13, 7]
		},
		"fixed": {
			"rotation": [0, -180, 0]
		}
	},
	"groups": [
		{
			"name": "shield_icon_dropped",
			"origin": [8, 8, 8],
			"color": 0,
			"children": [0, 1, 2, 3, 4, 5, 6, 7, 8, 9, 10, 11, 12]
		},
		{
			"name": "group",
			"origin": [0, 0, 8],
			"color": 0,
			"children": [13, 14, 15, 16, 17, 18, 19, 20, 21, 22, 23, 24, 25]
		}
	]
}