{
	"format_version": "1.21.6",
	"credit": "Made with Blockbench",
	"texture_size": [8, 8],
	"textures": {
		"0": "block/redstone_torch_off",
		"particle": "block/redstone_torch_off"
	},
	"elements": [
		{
			"name": "base",
			"from": [7, 0, 7],
			"to": [9, 10, 9],
			"shade": false,
			"rotation": {"angle": 0, "axis": "y", "origin": [7, 0, 7]},
			"faces": {
				"north": {"uv": [6, 6, 8, 16], "texture": "#0"},
				"east": {"uv": [1, 6, 3, 16], "texture": "#0"},
				"south": {"uv": [6, 6, 8, 16], "texture": "#0"},
				"west": {"uv": [1, 6, 3, 16], "texture": "#0"},
				"up": {"uv": [6, 8, 4, 6], "rotation": 180, "texture": "#0"},
				"down": {"uv": [5, 9, 3, 11], "rotation": 180, "texture": "#0"}
			}
		}
	],
	"display": {
		"thirdperson_righthand": {
			"translation": [-0.25, 3, 1.25],
			"scale": [0.8, 0.8, 0.8]
		},
		"thirdperson_lefthand": {
			"translation": [-0.25, 3, 1.25],
			"scale": [0.8, 0.8, 0.8]
		},
		"firstperson_righthand": {
			"rotation": [-1.1, 0.52, -0.29],
			"translation": [-1, 5.25, 3],
			"scale": [0.56, 0.56, 0.56]
		},
		"firstperson_lefthand": {
			"rotation": [-1.1, 0.52, -0.29],
			"translation": [-1, 5.25, 3],
			"scale": [0.56, 0.56, 0.56]
		}
	}
}