{
	"format_version": "1.21.6",
	"credit": "Made with Blockbench",
	"parent": "minecraft:block/template_redstone_torch_wall",
	"textures": {
		"0": "block/redstone_torch_hand",
		"particle": "block/redstone_torch_hand"
	},
	"elements": [
		{
			"from": [-1, 3.5, 7],
			"to": [1, 13.5, 9],
			"shade": false,
			"rotation": {"angle": -22.5, "axis": "z", "origin": [0, 3.5, 8]},
			"faces": {
				"north": {"uv": [6, 6, 8, 16], "texture": "#0"},
				"east": {"uv": [1, 6, 3, 16], "texture": "#0"},
				"south": {"uv": [6, 6, 8, 16], "texture": "#0"},
				"west": {"uv": [1, 6, 3, 16], "texture": "#0"},
				"up": {"uv": [4, 6, 6, 8], "texture": "#0"},
				"down": {"uv": [3, 9, 5, 11], "rotation": 90, "texture": "#0"}
			}
		},
		{
			"from": [-1.5, 8, 6.5],
			"to": [1.5, 11, 9.5],
			"shade": false,
			"rotation": {"angle": -22.5, "axis": "z", "origin": [0, 3.5, 8]},
			"faces": {
				"up": {"uv": [3, 5, 4, 6], "texture": "#0"}
			}
		},
		{
			"from": [-1.5, 14, 6.5],
			"to": [1.5, 17, 9.5],
			"shade": false,
			"rotation": {"angle": -22.5, "axis": "z", "origin": [0, 3.5, 8]},
			"faces": {
				"down": {"uv": [3, 5, 4, 6], "texture": "#0"}
			}
		},
		{
			"from": [-1.5, 11, 3.5],
			"to": [1.5, 14, 6.5],
			"shade": false,
			"rotation": {"angle": -22.5, "axis": "z", "origin": [0, 3.5, 8]},
			"faces": {
				"south": {"uv": [3, 5, 4, 6], "texture": "#0"}
			}
		},
		{
			"from": [1.5, 11, 6.5],
			"to": [4.5, 14, 9.5],
			"shade": false,
			"rotation": {"angle": -22.5, "axis": "z", "origin": [0, 3.5, 8]},
			"faces": {
				"west": {"uv": [3, 5, 4, 6], "texture": "#0"}
			}
		},
		{
			"from": [-1.5, 11, 9.5],
			"to": [1.5, 14, 12.5],
			"shade": false,
			"rotation": {"angle": -22.5, "axis": "z", "origin": [0, 3.5, 8]},
			"faces": {
				"north": {"uv": [3, 5, 4, 6], "texture": "#0"}
			}
		},
		{
			"from": [-4.5, 11, 6.5],
			"to": [-1.5, 14, 9.5],
			"shade": false,
			"rotation": {"angle": -22.5, "axis": "z", "origin": [0, 3.5, 8]},
			"faces": {
				"east": {"uv": [3, 5, 4, 6], "texture": "#0"}
			}
		}
	]
}