{
	"format_version": "1.21.6",
	"credit": "Made with Blockbench",
	"ambientocclusion": false,
	"textures": {
		"slab": "block/smooth_stone",
		"particle": "block/repeater_on",
		"top": "block/repeater_on",
		"lit": "block/redstone_torch_hand",
		"lock": "block/bedrock"
	},
	"elements": [
		{
			"from": [0, 0, 0],
			"to": [16, 2, 16],
			"faces": {
				"north": {"uv": [0, 14, 16, 16], "texture": "#slab", "cullface": "north"},
				"east": {"uv": [0, 14, 16, 16], "texture": "#slab", "cullface": "east"},
				"south": {"uv": [0, 14, 16, 16], "texture": "#slab", "cullface": "south"},
				"west": {"uv": [0, 14, 16, 16], "texture": "#slab", "cullface": "west"},
				"up": {"uv": [0, 0, 16, 16], "texture": "#top"},
				"down": {"uv": [0, 0, 16, 16], "texture": "#slab", "cullface": "down"}
			}
		},
		{
			"from": [2, 2, 10],
			"to": [14, 4, 12],
			"faces": {
				"north": {"uv": [2, 7, 14, 9], "texture": "#lock"},
				"east": {"uv": [6, 7, 8, 9], "texture": "#lock"},
				"south": {"uv": [2, 7, 14, 9], "texture": "#lock"},
				"west": {"uv": [6, 7, 8, 9], "texture": "#lock"},
				"up": {"uv": [7, 2, 9, 14], "rotation": 90, "texture": "#lock"}
			}
		},
		{
			"from": [7, 2, 2],
			"to": [9, 7, 4],
			"shade": false,
			"faces": {
				"north": {"uv": [6, 6, 8, 11], "texture": "#lit"},
				"east": {"uv": [1, 6, 3, 11], "texture": "#lit"},
				"south": {"uv": [6, 6, 8, 11], "texture": "#lit"},
				"west": {"uv": [1, 6, 3, 11], "texture": "#lit"},
				"up": {"uv": [4, 6, 6, 8], "texture": "#lit"}
			}
		},
		{
			"from": [6.5, 1.5, 1.5],
			"to": [9.5, 4.5, 4.5],
			"shade": false,
			"faces": {
				"up": {"uv": [2, 5, 3, 6], "texture": "#lit"}
			}
		},
		{
			"from": [6.5, 7.5, 1.5],
			"to": [9.5, 10.5, 4.5],
			"shade": false,
			"faces": {
				"down": {"uv": [1, 5, 2, 6], "texture": "#lit"}
			}
		},
		{
			"from": [6.5, 4.5, -1.5],
			"to": [9.5, 7.5, 1.5],
			"shade": false,
			"faces": {
				"south": {"uv": [3, 6, 4, 7], "texture": "#lit"}
			}
		},
		{
			"from": [6.5, 4.5, 4.5],
			"to": [9.5, 7.5, 7.5],
			"shade": false,
			"faces": {
				"north": {"uv": [0, 6, 1, 7], "texture": "#lit"}
			}
		},
		{
			"from": [3.5, 4.5, 1.5],
			"to": [6.5, 7.5, 4.5],
			"shade": false,
			"faces": {
				"east": {"uv": [3, 7, 4, 8], "texture": "#lit"}
			}
		},
		{
			"from": [9.5, 4.5, 1.5],
			"to": [12.5, 7.5, 4.5],
			"shade": false,
			"faces": {
				"west": {"uv": [0, 7, 1, 8], "texture": "#lit"}
			}
		}
	]
}