{
  "model": {
    "type": "minecraft:select",
    "property": "minecraft:component",
    "component":"minecraft:potion_contents",
    "cases": [
      {
        "when": [
          { "potion":"minecraft:fire_resistance"}
        ],
        "model": {
          "type": "minecraft:model",
          "model": "minecraft:item/potions/fire_resistance"
        }
      },
      {
        "when": [
          {"potion": "minecraft:long_fire_resistance"}
        ],
        "model": {
          "type": "minecraft:model",
          "model": "minecraft:item/potions/fire_resistance_long"
        }
      },


      {
        "when": [
          {"potion": "minecraft:invisibility"}
        ],
        "model": {
          "type": "minecraft:model",
          "model": "minecraft:item/potions/invisibility"
        }
      },
      {
        "when": [
          {"potion": "minecraft:long_invisibility"}
        ],
        "model": {
          "type": "minecraft:model",
          "model": "minecraft:item/potions/invisibility_long"
        }
      },



      {
        "when": [
          {"potion": "minecraft:night_vision"}
        ],
        "model": {
          "type": "minecraft:model",
          "model": "minecraft:item/potions/night_vision"
        }
      },
      {
        "when": [
          {"potion": "minecraft:long_night_vision"}
        ],
        "model": {
          "type": "minecraft:model",
          "model": "minecraft:item/potions/night_vision_long"
        }
      },


      {
        "when": [
          {"potion": "minecraft:slow_falling"}
        ],
        "model": {
          "type": "minecraft:model",
          "model": "minecraft:item/potions/slow_falling"
        }
      },
      {
        "when": [
          {"potion": "minecraft:long_slow_falling"}
        ],
        "model": {
          "type": "minecraft:model",
          "model": "minecraft:item/potions/slow_falling_long"
        }
      },


      {
        "when": [
          {"potion": "minecraft:weakness"}
        ],
        "model": {
          "type": "minecraft:model",
          "model": "minecraft:item/potions/weakness"
        }
      },
      {
        "when": [
          {"potion": "minecraft:long_weakness"}
        ],
        "model": {
          "type": "minecraft:model",
          "model": "minecraft:item/potions/weakness_long"
        }
      },


      {
        "when": [
          {"potion": "minecraft:water_breathing"}
        ],
        "model": {
          "type": "minecraft:model",
          "model": "minecraft:item/potions/water_breathing"
        }
      },
      {
        "when": [
          {"potion": "minecraft:long_water_breathing"}
        ],
        "model": {
          "type": "minecraft:model",
          "model": "minecraft:item/potions/water_breathing_long"
        }
      },
      {
        "when": [
          {"potion": "minecraft:harming"}
        ],
        "model": {
          "type": "minecraft:model",
          "model": "minecraft:item/potions/harming"
        }
      },
      {
        "when": [
          {"potion": "minecraft:strong_harming"}
        ],
        "model": {
          "type": "minecraft:model",
          "model": "minecraft:item/potions/harming2"
        }
      },
      

      {
        "when": [
          {"potion": "minecraft:healing"}
        ],
        "model": {
          "type": "minecraft:model",
          "model": "minecraft:item/potions/healing"
        }
      },
      {
        "when": [
          {"potion": "minecraft:strong_healing"}
        ],
        "model": {
          "type": "minecraft:model",
          "model": "minecraft:item/potions/healing2"
        }
      },
      {
        "when": [
          {"potion": "minecraft:leaping"}
        ],
        "model": {
          "type": "minecraft:model",
          "model": "minecraft:item/potions/jump_boost"
        }
      },
      {
        "when": [
          {"potion": "minecraft:long_leaping"}
        ],
        "model": {
          "type": "minecraft:model",
          "model": "minecraft:item/potions/jump_boost_long"
        }
      },
      {
        "when": [
          {"potion": "minecraft:strong_leaping"}
        ],
        "model": {
          "type": "minecraft:model",
          "model": "minecraft:item/potions/jump_boost2"
        }
      },



      {
        "when": [
          {"potion": "minecraft:poison"}
        ],
        "model": {
          "type": "minecraft:model",
          "model": "minecraft:item/potions/poison"
        }
      },
      {
        "when": [
          {"potion": "minecraft:long_poison"}
        ],
        "model": {
          "type": "minecraft:model",
          "model": "minecraft:item/potions/poison_long"
        }
      },
      {
        "when": [
          {"potion": "minecraft:strong_poison"}
        ],
        "model": {
          "type": "minecraft:model",
          "model": "minecraft:item/potions/poison2"
        }
      },



      {
        "when": [
          {"potion": "minecraft:regeneration"}
        ],
        "model": {
          "type": "minecraft:model",
          "model": "minecraft:item/potions/regeneration"
        }
      },
      {
        "when": [
          {"potion": "minecraft:long_regeneration"}
        ],
        "model": {
          "type": "minecraft:model",
          "model": "minecraft:item/potions/regeneration_long"
        }
      },
      {
        "when": [
          {"potion": "minecraft:strong_regeneration"}
        ],
        "model": {
          "type": "minecraft:model",
          "model": "minecraft:item/potions/regeneration2"
        }
      },



      {
        "when": [
          {"potion": "minecraft:slowness"}
        ],
        "model": {
          "type": "minecraft:model",
          "model": "minecraft:item/potions/slowness"
        }
      },
      {
        "when": [
          {"potion": "minecraft:long_slowness"}
        ],
        "model": {
          "type": "minecraft:model",
          "model": "minecraft:item/potions/slowness_long"
        }
      },
      {
        "when": [
          {"potion": "minecraft:strong_slowness"}
        ],
        "model": {
          "type": "minecraft:model",
          "model": "minecraft:item/potions/slowness2"
        }
      },



      {
        "when": [
          {"potion": "minecraft:swiftness"}
        ],
        "model": {
          "type": "minecraft:model",
          "model": "minecraft:item/potions/speed"
        }
      },
      {
        "when": [
          {"potion": "minecraft:long_swiftness"}
        ],
        "model": {
          "type": "minecraft:model",
          "model": "minecraft:item/potions/speed_long"
        }
      },
      {
        "when": [
          {"potion": "minecraft:strong_swiftness"}
        ],
        "model": {
          "type": "minecraft:model",
          "model": "minecraft:item/potions/speed2"
        }
      },



      {
        "when": [
          {"potion": "minecraft:strength"}
        ],
        "model": {
          "type": "minecraft:model",
          "model": "minecraft:item/potions/strength"
        }
      },
      {
        "when": [
          {"potion": "minecraft:long_strength"}
        ],
        "model": {
          "type": "minecraft:model",
          "model": "minecraft:item/potions/strength_long"
        }
      },
      {
        "when": [
          {"potion": "minecraft:strong_strength"}
        ],
        "model": {
          "type": "minecraft:model",
          "model": "minecraft:item/potions/strength2"
        }
      },



      {
        "when": [
          {"potion": "minecraft:turtle_master"}
        ],
        "model": {
          "type": "minecraft:model",
          "model": "minecraft:item/potions/turtle_master"
        }
      },
      {
        "when": [
          {"potion": "minecraft:long_turtle_master"}
        ],
        "model": {
          "type": "minecraft:model",
          "model": "minecraft:item/potions/turtle_master_long"
        }
      },
      {
        "when": [
          {"potion": "minecraft:strong_turtle_master"}
        ],
        "model": {
          "type": "minecraft:model",
          "model": "minecraft:item/potions/turtle_master2"
        }
      },

      
      {
        "when": [
          {"potion": "minecraft:awkward"}
        ],
        "model": {
          "type": "minecraft:model",
          "model": "minecraft:item/potions/awkward"
        }
      },
      {
        "when": [
          {"potion": "minecraft:mundane"}
        ],
        "model": {
          "type": "minecraft:model",
          "model": "minecraft:item/potions/mundane"
        }
      },
      {
        "when": [
          {"potion": "minecraft:thick"}
        ],
        "model": {
          "type": "minecraft:model",
          "model": "minecraft:item/potions/thick"
        }
      },
     {
        "when": [
          {"potion": "minecraft:water"}
        ],
        "model": {
          "type": "minecraft:model",
          "model": "minecraft:item/potions/water"
        }
      },
      {
        "when": [
          {"potion": "minecraft:luck"}
        ],
        "model": {
          "type": "minecraft:model",
          "model": "minecraft:item/potions/luck"
        }
      },



      {
        "when": [
          {"potion": "minecraft:weaving"}
        ],
        "model": {
          "type": "minecraft:model",
          "model": "minecraft:item/potions/weaving"
        }
      },
      {
        "when": [
          {"potion": "minecraft:oozing"}
        ],
        "model": {
          "type": "minecraft:model",
          "model": "minecraft:item/potions/oozing"
        }
      },
      {
        "when": [
          {"potion": "minecraft:infested"}
        ],
        "model": {
          "type": "minecraft:model",
          "model": "minecraft:item/potions/infested"
        }
      },
      {
        "when": [
          {"potion": "minecraft:wind_charged"}
        ],
        "model": {
          "type": "minecraft:model",
          "model": "minecraft:item/potions/wind_charged"
        }
      }


    ],
 "fallback": {
      "type": "minecraft:model",
      "model": "minecraft:item/potions/water"
    }
     }
}