{
	"model": {
		"type": "minecraft:condition",
		"property": "minecraft:has_component",
		"component": "minecraft:enchantments",
		"ignore_default": true,
		"on_true": {
			"type": "minecraft:select",
			"property": "minecraft:display_context",
			"cases": [
				{
					"when": [
						"on_shelf",
						"fixed",
						"ground"
					],
					"model": {
						"type": "minecraft:model",
						"model": "item/2d_mace"
					}
				},
				{
					"when": [
						"gui"
					],
					"model": {
						"type": "minecraft:model",
						"model": "minecraft:item/mace"
					}
				},
				{
					"when": [
						"firstperson_lefthand",
						"firstperson_righthand"
					],
					"model": {
						"type": "minecraft:model",
						"model": "item/firstperson/enchanted_mace"
					}
				}
			],
			"fallback": {
				"type": "minecraft:model",
				"model": "item/thirdperson/enchanted_mace"
			}
		},
		"on_false": {
			"type": "minecraft:select",
			"property": "minecraft:display_context",
			"cases": [
				{
					"when": [
						"on_shelf",
						"fixed",
						"ground",
						"gui"
					],
					"model": {
						"type": "minecraft:model",
						"model": "minecraft:item/mace"
					}
				}
			],
			"fallback": {
				"type": "minecraft:model",
				"model": "item/3d_mace"
			}
		}
	}
}