{
  "model": {
    "type": "minecraft:range_dispatch",
    "property": "minecraft:damage",
    "entries": [
      {
        "threshold": 0,
        "model": {
          "type": "minecraft:select",
          "property": "minecraft:display_context",
          "cases": [
            {
              "when": [
                "firstperson_righthand",
                "firstperson_lefthand",
                "thirdperson_righthand",
                "thirdperson_lefthand"
              ],
              "model": {
                "type": "minecraft:model",
                "model": "minecraft:item/copper_spear_in_hand"
              }
            }
          ],
          "fallback": {
            "type": "minecraft:model",
            "model": "minecraft:item/copper_spear"
          }
        }
      },
      {
        "threshold": 0.25,
        "model": {
          "type": "minecraft:select",
          "property": "minecraft:display_context",
          "cases": [
            {
              "when": [
                "firstperson_righthand",
                "firstperson_lefthand",
                "thirdperson_righthand",
                "thirdperson_lefthand"
              ],
              "model": {
                "type": "minecraft:model",
                "model": "item/exposed_spear_in_hand"
              }
            }
          ],
          "fallback": {
            "type": "minecraft:model",
            "model": "item/exposed_spear"
          }
        }
      },
      {
        "threshold": 0.5,
        "model": {
          "type": "minecraft:select",
          "property": "minecraft:display_context",
          "cases": [
            {
              "when": [
                "firstperson_righthand",
                "firstperson_lefthand",
                "thirdperson_righthand",
                "thirdperson_lefthand"
              ],
              "model": {
                "type": "minecraft:model",
                "model": "item/weathered_spear_in_hand"
              }
            }
          ],
          "fallback": {
            "type": "minecraft:model",
            "model": "item/weathered_spear"
          }
        }
      },
      {
        "threshold": 0.75,
        "model": {
          "type": "minecraft:select",
          "property": "minecraft:display_context",
          "cases": [
            {
              "when": [
                "firstperson_righthand",
                "firstperson_lefthand",
                "thirdperson_righthand",
                "thirdperson_lefthand"
              ],
              "model": {
                "type": "minecraft:model",
                "model": "item/oxidized_spear_in_hand"
              }
            }
          ],
          "fallback": {
            "type": "minecraft:model",
            "model": "item/oxidized_spear"
          }
        }
      }
    ]
  }
}