{
  "model": {
    "type": "minecraft:range_dispatch",
    "property": "minecraft:damage",
    "entries": [
      {
        "threshold": 0,
        "model": {
          "type": "minecraft:model",
          "model": "minecraft:item/copper_axe"
        }
      },
      {
        "threshold": 0.25,
        "model": {
          "type": "minecraft:model",
          "model": "minecraft:item/exposed_axe"
        }
      },
      {
        "threshold": 0.5,
        "model": {
          "type": "minecraft:model",
          "model": "minecraft:item/weathered_axe"
        }
      },
      {
        "threshold": 0.75,
        "model": {
          "type": "minecraft:model",
          "model": "minecraft:item/oxidized_axe"
        }
      }
    ]
  }
}